alpha,beta,chain
18.86947,0.2270856,chain_0
26.719198,0.63444847,chain_0
23.84234,0.28241697,chain_0
19.357515,0.29618865,chain_0
18.24513,0.41711992,chain_0
24.054781,0.44957015,chain_0
29.064344,0.25059602,chain_0
25.222097,0.39360133,chain_0
19.145784,0.37959716,chain_0
17.11983,0.31930462,chain_0
21.500181,0.21721634,chain_0
29.91976,0.3921959,chain_0
26.394548,0.4767194,chain_0
18.813807,0.40784934,chain_0
22.91353,0.4373939,chain_0
25.451815,0.27560097,chain_0
29.534082,0.29224595,chain_0
29.936972,0.28784946,chain_0
30.652094,0.20581578,chain_0
25.676634,0.3386362,chain_0
19.565264,0.3501942,chain_0
30.379736,0.25592312,chain_0
24.92761,0.20074181,chain_0
18.45677,0.2718103,chain_0
30.483957,0.31068894,chain_0
17.938524,0.29273617,chain_0
19.568884,0.36193046,chain_0
27.395327,0.2992735,chain_0
17.379,0.33311105,chain_0
20.099405,0.29797012,chain_0
28.830011,0.39926562,chain_0
18.492563,0.30670798,chain_0
26.743093,0.27838305,chain_0
19.493925,0.47762072,chain_0
23.756708,0.34256554,chain_0
19.977495,0.171886,chain_0
27.332628,0.40384138,chain_0
27.857447,0.35431862,chain_0
24.338766,0.16809997,chain_0
18.064219,0.27825028,chain_0
19.056238,0.4161699,chain_0
17.441965,0.22348334,chain_0
23.465818,0.20345016,chain_0
17.28966,0.4117151,chain_0
30.400957,0.50856394,chain_0
24.052908,0.3987982,chain_0
23.706392,0.2600619,chain_0
22.591974,0.20909001,chain_0
22.312128,0.30039212,chain_0
22.55184,0.43992227,chain_0
25.414682,0.3098954,chain_0
20.652445,0.34197587,chain_0
27.98709,0.47245553,chain_0
24.52508,0.24152935,chain_0
27.709284,0.22703499,chain_0
27.069456,0.35923114,chain_0
23.337194,0.25259677,chain_0
16.960997,0.19519182,chain_0
28.022661,0.3284513,chain_0
22.869299,0.1937062,chain_0
18.012384,0.34610945,chain_0
19.146242,0.37131974,chain_0
28.419317,0.26000598,chain_0
16.867548,0.20818172,chain_0
27.753977,0.2021127,chain_0
19.99515,0.32089585,chain_0
30.185396,0.2539556,chain_0
29.032125,0.20481049,chain_0
26.10156,0.2540018,chain_0
17.57945,0.369926,chain_0
27.846113,0.36585903,chain_0
30.341745,0.2686541,chain_0
30.264437,0.39076516,chain_0
22.907297,0.27732995,chain_0
22.339937,0.3597112,chain_0
17.725615,0.35655537,chain_0
25.014582,0.329806,chain_0
23.957678,0.2309843,chain_0
26.51658,0.31279656,chain_0
25.285765,0.28555384,chain_0
22.85531,0.3569495,chain_0
18.407457,0.29404697,chain_0
16.983335,0.5023098,chain_0
24.676271,0.23713478,chain_0
22.39295,0.35564208,chain_0
17.297564,0.358098,chain_0
26.224508,0.17071387,chain_0
20.020376,0.26413545,chain_0
23.627417,0.33714136,chain_0
28.803797,0.19327414,chain_0
28.602789,0.4009298,chain_0
28.095224,0.2925651,chain_0
25.227633,0.39391875,chain_0
28.661829,0.27223372,chain_0
21.621187,0.33450362,chain_0
17.084772,0.39004672,chain_0
26.26222,0.24415486,chain_0
26.725191,0.2577631,chain_0
25.525091,0.36545172,chain_0
29.617361,0.39938042,chain_0
27.731977,0.481679,chain_0
26.844797,0.29474294,chain_0
23.715193,0.42766812,chain_0
25.54727,0.2864653,chain_0
30.41646,0.19155273,chain_0
18.736368,0.24238473,chain_0
19.010416,0.39014795,chain_0
28.826647,0.35540432,chain_0
29.080072,0.32405087,chain_0
29.843256,0.28002304,chain_0
27.222364,0.3708275,chain_0
24.74158,0.30348364,chain_0
28.68976,0.32101744,chain_0
19.829966,0.27030265,chain_0
20.741262,0.29324907,chain_0
28.055193,0.4281557,chain_0
17.86337,0.48118916,chain_0
28.595224,0.3949499,chain_0
29.559591,0.3923893,chain_0
21.628382,0.35684514,chain_0
17.574854,0.21018383,chain_0
18.56751,0.3435595,chain_0
27.815172,0.24926881,chain_0
18.685366,0.499939,chain_0
26.58909,0.2401755,chain_0
22.190844,0.28416815,chain_0
25.260878,0.16936195,chain_0
23.5254,0.20786063,chain_0
28.091604,0.20948546,chain_0
18.209326,0.40460125,chain_0
29.3673,0.390117,chain_0
23.887503,0.46179396,chain_0
17.312433,0.40770936,chain_0
27.116587,0.41178742,chain_0
30.159872,0.30312,chain_0
29.134325,0.36089516,chain_0
22.858927,0.26416394,chain_0
19.621359,0.36494488,chain_0
27.622286,0.29341406,chain_0
29.656836,0.43193936,chain_0
23.666986,0.35677907,chain_0
21.3762,0.23462069,chain_0
22.549643,0.3999419,chain_0
25.554285,0.34004283,chain_0
16.767645,0.60931504,chain_0
21.888487,0.45158347,chain_0
20.454947,0.28818226,chain_0
28.261793,0.23337422,chain_0
26.05506,0.582431,chain_0
24.711199,0.3572599,chain_0
16.93168,0.23699768,chain_0
28.831915,0.2321184,chain_0
20.01042,0.31221208,chain_0
19.775003,0.32318744,chain_0
18.786463,0.35035056,chain_0
24.68847,0.25476855,chain_0
28.063128,0.2720712,chain_0
16.931463,0.16920409,chain_0
25.357912,0.3202816,chain_0
28.124147,0.27835545,chain_0
27.633352,0.4532594,chain_0
20.840883,0.33616102,chain_0
20.860334,0.23650181,chain_0
21.396082,0.1909958,chain_0
23.617952,0.32387286,chain_0
21.15983,0.3084666,chain_0
23.306612,0.27020514,chain_0
19.228228,0.24549715,chain_0
17.738382,0.4050729,chain_0
29.060553,0.34241846,chain_0
26.037386,0.18836945,chain_0
24.59818,0.4072854,chain_0
17.61524,0.20710836,chain_0
21.828157,0.46167526,chain_0
29.992128,0.39653844,chain_0
24.010317,0.40001255,chain_0
25.14269,0.41667405,chain_0
24.012007,0.21835859,chain_0
18.531935,0.35259527,chain_0
21.892382,0.2959437,chain_0
29.11175,0.3291047,chain_0
19.59538,0.4193371,chain_0
16.688074,0.27748287,chain_0
25.614103,0.3330208,chain_0
19.884775,0.26498738,chain_0
28.67336,0.25406116,chain_0
23.694834,0.22534001,chain_0
26.8505,0.20080635,chain_0
29.822119,0.22809416,chain_0
16.769442,0.4000239,chain_0
25.280153,0.39447755,chain_0
21.76346,0.5478163,chain_0
22.79209,0.33215925,chain_0
25.54838,0.21297395,chain_0
27.696264,0.24623486,chain_0
29.829893,0.21413147,chain_0
25.285734,0.37192205,chain_0
18.792036,0.3082086,chain_0
29.857237,0.32595512,chain_0
23.772364,0.5105525,chain_0
19.945086,0.29020032,chain_0
19.150038,0.26466653,chain_0
17.071405,0.57320493,chain_0
21.219648,0.19545753,chain_0
30.415674,0.14762247,chain_0
29.49743,0.34923172,chain_0
18.807165,0.28064096,chain_0
27.914488,0.40893662,chain_0
25.404982,0.31176257,chain_0
25.093523,0.3192758,chain_0
26.573957,0.21262811,chain_0
24.891573,0.2643493,chain_0
28.654371,0.32478416,chain_0
22.86376,0.3092196,chain_0
19.309282,0.2884757,chain_0
24.475424,0.35677993,chain_0
21.553137,0.2640919,chain_0
17.529741,0.25647515,chain_0
16.68258,0.23564269,chain_0
23.225965,0.3044304,chain_0
27.244192,0.23644215,chain_0
29.218699,0.20785144,chain_0
28.18104,0.34724024,chain_0
26.949656,0.2966566,chain_0
28.134424,0.32352,chain_0
24.586359,0.3292747,chain_0
27.593122,0.2723961,chain_0
16.841887,0.23461235,chain_0
22.719297,0.32033944,chain_0
26.669756,0.38862276,chain_0
25.458757,0.25197563,chain_0
23.435442,0.28872612,chain_0
22.672235,0.390422,chain_0
30.764067,0.24217544,chain_0
30.445955,0.47534266,chain_0
26.756643,0.25101474,chain_0
26.453989,0.29866946,chain_0
19.37063,0.32761282,chain_0
26.72822,0.38442588,chain_0
16.724333,0.36083278,chain_0
21.85618,0.33251283,chain_0
23.254221,0.20179798,chain_0
25.791533,0.33158734,chain_0
17.339884,0.26165307,chain_0
26.39638,0.4339427,chain_0
30.354399,0.35789955,chain_0
19.109201,0.5703174,chain_0
19.975908,0.2900336,chain_0
20.162504,0.2635335,chain_0
17.759344,0.37319916,chain_0
22.634604,0.29441547,chain_0
26.066923,0.19428211,chain_0
26.805746,0.2899988,chain_0
19.297716,0.1867167,chain_0
20.041529,0.32203028,chain_0
23.173384,0.24387735,chain_0
16.811144,0.23841545,chain_0
24.907236,0.45766112,chain_0
20.818693,0.28147733,chain_0
29.612265,0.40629476,chain_0
20.78832,0.29568374,chain_0
24.179651,0.3677548,chain_0
25.094835,0.34648085,chain_0
22.191706,0.26392135,chain_0
23.309793,0.12164063,chain_0
23.755568,0.34180912,chain_0
22.226381,0.24316573,chain_0
24.279276,0.17729461,chain_0
16.66482,0.23183969,chain_0
19.997343,0.16636774,chain_0
18.59511,0.20744346,chain_0
25.038637,0.22745341,chain_0
19.121984,0.19323266,chain_0
27.241884,0.3059508,chain_0
23.922754,0.31235605,chain_0
17.507902,0.34193876,chain_0
23.177526,0.20407976,chain_0
19.195532,0.35850757,chain_0
22.342638,0.3164687,chain_0
20.038622,0.26924375,chain_0
19.854597,0.33256543,chain_0
25.205042,0.36183873,chain_0
22.944517,0.3444818,chain_0
30.139585,0.33797055,chain_0
19.549444,0.15981057,chain_0
23.542494,0.24429768,chain_0
27.88589,0.30003878,chain_0
18.371634,0.23752013,chain_0
29.2554,0.36458576,chain_0
19.199152,0.3275065,chain_0
24.375345,0.37993485,chain_0
16.824083,0.41699502,chain_0
21.201147,0.39674896,chain_0
28.781881,0.4914805,chain_0
17.204397,0.25415376,chain_0
28.396242,0.14824502,chain_0
29.820505,0.2773942,chain_0
24.121931,0.32678166,chain_0
19.83933,0.33684698,chain_0
20.268744,0.427625,chain_0
27.179113,0.36456966,chain_0
24.771864,0.2536357,chain_0
30.701517,0.32555845,chain_0
25.63,0.33558148,chain_0
16.818506,0.30927145,chain_0
25.384565,0.32306322,chain_0
30.343264,0.32810652,chain_0
28.063177,0.30647585,chain_0
17.696577,0.7117214,chain_0
20.617666,0.27217343,chain_0
19.0255,0.33708802,chain_0
23.46615,0.3888887,chain_0
17.385504,0.31140694,chain_0
22.145292,0.31826323,chain_0
29.064913,0.34324127,chain_0
28.21142,0.3939727,chain_0
26.27886,0.38698477,chain_0
17.533945,0.12653005,chain_0
24.927969,0.3583102,chain_0
27.211515,0.22581573,chain_0
26.988367,0.43684974,chain_0
29.953463,0.26694912,chain_0
17.698137,0.426959,chain_0
26.242167,0.29511285,chain_0
20.87932,0.34408197,chain_0
21.229193,0.36453617,chain_0
20.509539,0.3625515,chain_0
28.377382,0.28112847,chain_0
27.533716,0.23591171,chain_0
21.229586,0.3385689,chain_0
18.368383,0.46359712,chain_0
19.268118,0.30203155,chain_0
25.088053,0.36550555,chain_0
19.378569,0.39484408,chain_0
22.489763,0.33435002,chain_0
30.006495,0.20791698,chain_0
18.033724,0.512986,chain_0
21.52413,0.2828832,chain_0
26.79225,0.27744725,chain_0
30.023958,0.22477552,chain_0
18.500563,0.19763406,chain_0
29.16606,0.33508325,chain_0
21.784792,0.49647382,chain_0
24.616652,0.2453633,chain_0
29.408491,0.3440473,chain_0
28.61294,0.22088858,chain_0
19.60866,0.40804172,chain_0
19.792654,0.3753317,chain_0
28.535215,0.36651927,chain_0
26.808771,0.3421607,chain_0
19.727617,0.2755145,chain_0
30.668299,0.24978438,chain_0
28.792109,0.51293457,chain_0
23.41979,0.29676345,chain_0
27.462698,0.27076736,chain_0
27.040045,0.3007144,chain_0
17.467356,0.3614815,chain_0
17.926027,0.25917003,chain_0
18.28222,0.36010984,chain_0
27.230425,0.31492528,chain_0
19.406324,0.24960472,chain_0
20.965807,0.33235356,chain_0
29.469847,0.27828068,chain_0
28.353102,0.18404017,chain_0
21.365099,0.24311516,chain_0
24.686625,0.26771745,chain_0
27.944998,0.31604055,chain_0
19.635489,0.44385672,chain_0
22.579416,0.36161435,chain_0
29.010134,0.29175836,chain_0
22.037256,0.20636831,chain_0
17.60547,0.29640958,chain_0
28.943926,0.2646125,chain_0
28.992983,0.19285552,chain_0
22.392687,0.417356,chain_0
21.462774,0.29062328,chain_0
29.055246,0.4149152,chain_0
30.478243,0.25046992,chain_0
18.017347,0.37596208,chain_0
26.010443,0.35030353,chain_0
21.557707,0.30125868,chain_0
27.659105,0.29015952,chain_0
25.931772,0.38356793,chain_0
24.62486,0.37778425,chain_0
18.565466,0.3242668,chain_0
21.115004,0.15629736,chain_0
21.652693,0.37881368,chain_0
17.641611,0.3198635,chain_0
16.808302,0.5272953,chain_0
23.517214,0.21458855,chain_0
19.55409,0.4347011,chain_0
24.596651,0.29363957,chain_0
26.108534,0.2678637,chain_0
21.3413,0.36071864,chain_0
20.596464,0.2635863,chain_0
27.712404,0.29471985,chain_0
18.753553,0.28159487,chain_0
27.114744,0.30296004,chain_0
18.30939,0.3477416,chain_0
28.233587,0.29643518,chain_0
17.822412,0.46908206,chain_0
21.380194,0.39678788,chain_0
21.349451,0.24967258,chain_0
24.146368,0.3206202,chain_0
25.890348,0.26527354,chain_0
19.294424,0.23377626,chain_0
22.455973,0.34911084,chain_0
18.906458,0.20210764,chain_0
21.645517,0.37049502,chain_0
24.599375,0.2998217,chain_0
17.700956,0.37244335,chain_0
23.933298,0.28340647,chain_0
23.207281,0.27249032,chain_0
18.740656,0.27225122,chain_0
17.87475,0.39000565,chain_0
26.535841,0.4111004,chain_0
23.5189,0.46328202,chain_0
17.366209,0.16009568,chain_0
27.651278,0.31636262,chain_0
27.542192,0.36616778,chain_0
28.44715,0.2558422,chain_0
19.910845,0.19417971,chain_0
17.933321,0.3444968,chain_0
24.197027,0.43876213,chain_0
28.937658,0.3504106,chain_0
19.387697,0.4329538,chain_0
18.556242,0.22177449,chain_0
27.255564,0.34772775,chain_0
17.240294,0.4595496,chain_0
25.217154,0.35993406,chain_0
16.669382,0.34364095,chain_0
24.657602,0.19737715,chain_0
25.783136,0.24526218,chain_0
18.768137,0.36517695,chain_0
25.04151,0.30015954,chain_0
18.259989,0.4100387,chain_0
28.097773,0.3592966,chain_0
30.398634,0.32747224,chain_0
26.079134,0.23595847,chain_0
26.428614,0.30774888,chain_0
30.636522,0.4187843,chain_0
26.959375,0.40546092,chain_0
22.034296,0.47738588,chain_0
24.621126,0.35531402,chain_0
25.675348,0.24872515,chain_0
24.928179,0.22894257,chain_0
22.480341,0.2193438,chain_0
25.309462,0.30349082,chain_0
29.062914,0.42450756,chain_0
28.052282,0.27121767,chain_0
16.689322,0.3815341,chain_0
20.949732,0.2531436,chain_0
17.379576,0.32383296,chain_0
16.979116,0.2952779,chain_0
24.603098,0.31785217,chain_0
28.707262,0.2981364,chain_0
22.225748,0.2901521,chain_0
26.823847,0.19062091,chain_0
25.390436,0.15112226,chain_0
20.761248,0.29158628,chain_0
17.834612,0.2693259,chain_0
24.128008,0.38346297,chain_0
29.239065,0.22411373,chain_0
19.845026,0.33504876,chain_0
28.601194,0.17661864,chain_0
29.77577,0.3197759,chain_0
27.274714,0.33476144,chain_0
26.302347,0.35414755,chain_0
20.787527,0.19513492,chain_0
18.229528,0.19332527,chain_0
21.575228,0.3172086,chain_0
23.165346,0.23809867,chain_0
22.63394,0.24903484,chain_0
24.490969,0.33876157,chain_0
22.916815,0.22505659,chain_0
26.076052,0.30882832,chain_0
29.207037,0.30994388,chain_0
22.174608,0.36341175,chain_0
26.183744,0.21688423,chain_0
25.427748,0.17055959,chain_0
21.059767,0.23734307,chain_0
17.575556,0.40587437,chain_0
20.60053,0.41461912,chain_0
20.49352,0.4469348,chain_0
25.317022,0.1975301,chain_0
18.595827,0.16208974,chain_0
19.440413,0.22118327,chain_0
22.447557,0.3111502,chain_0
24.09355,0.44083017,chain_0
18.9177,0.22859861,chain_0
25.847712,0.36227447,chain_0
18.788462,0.20067027,chain_0
26.151602,0.18178934,chain_0
17.887217,0.25329095,chain_0
20.316248,0.21588758,chain_0
24.003359,0.30883387,chain_0
23.85729,0.19590616,chain_0
20.60647,0.16596071,chain_0
27.549852,0.33698326,chain_0
28.031271,0.20129387,chain_0
23.707579,0.24975792,chain_0
23.989489,0.4022522,chain_0
30.219858,0.37125808,chain_0
22.522112,0.23410843,chain_0
20.9537,0.45001,chain_0
18.967642,0.25353348,chain_0
30.419397,0.2927728,chain_0
28.623842,0.30420753,chain_0
30.473536,0.35640895,chain_0
20.960196,0.11312302,chain_0
18.38204,0.50948125,chain_0
25.588293,0.3639308,chain_0
30.711493,0.29701614,chain_0
23.866,0.2148699,chain_0
30.120825,0.35639572,chain_0
21.7138,0.33271804,chain_0
27.786318,0.24231394,chain_0
17.3398,0.22027287,chain_0
27.892973,0.22307403,chain_0
23.815199,0.37935525,chain_0
23.181517,0.29003477,chain_0
28.171118,0.36220255,chain_0
28.396605,0.29420725,chain_0
28.221579,0.36355606,chain_0
28.829573,0.17027377,chain_0
30.330961,0.3140974,chain_0
21.103464,0.50773937,chain_0
27.599596,0.25086182,chain_0
28.082067,0.27455938,chain_0
29.724161,0.44953075,chain_0
28.596174,0.2397698,chain_0
20.768526,0.19950092,chain_0
19.370592,0.44940585,chain_0
25.996588,0.3762759,chain_0
19.818071,0.2184789,chain_0
26.279943,0.19259803,chain_0
21.988111,0.31837127,chain_0
29.572039,0.38851073,chain_0
29.795073,0.41885844,chain_0
22.511564,0.3702698,chain_0
20.90109,0.27934173,chain_0
24.160292,0.17460111,chain_0
29.901499,0.36520934,chain_0
27.498148,0.24303718,chain_0
19.088243,0.44003114,chain_0
18.978655,0.505861,chain_0
23.346968,0.26084834,chain_0
29.303373,0.19531305,chain_0
29.393934,0.4328076,chain_0
18.168207,0.26511496,chain_0
20.911398,0.17418644,chain_0
28.91258,0.3300303,chain_0
25.433367,0.13840702,chain_0
18.455465,0.21458547,chain_0
18.5431,0.31393218,chain_0
18.139471,0.27895895,chain_0
28.81375,0.31945726,chain_0
29.90473,0.28626758,chain_0
30.249338,0.24065219,chain_0
26.65719,0.2495841,chain_0
27.079123,0.21904932,chain_0
17.510134,0.46418354,chain_0
20.847906,0.45339778,chain_0
17.531275,0.40250772,chain_0
25.423548,0.23779179,chain_0
19.601126,0.19132556,chain_0
29.96858,0.2899892,chain_0
28.718584,0.35881075,chain_0
26.957205,0.4070773,chain_0
18.767134,0.29050028,chain_0
19.22825,0.27156866,chain_0
21.844614,0.24378175,chain_0
22.338274,0.2222192,chain_0
28.19118,0.36721393,chain_0
26.826632,0.16868815,chain_0
26.877527,0.22922157,chain_0
26.106054,0.42583388,chain_0
21.026236,0.2392014,chain_0
25.009016,0.2792657,chain_0
26.25107,0.21574195,chain_0
18.061666,0.4365099,chain_0
30.257929,0.3627986,chain_0
20.369833,0.41944003,chain_0
22.4773,0.48101595,chain_0
24.551329,0.25383532,chain_0
26.85528,0.31130612,chain_0
25.757998,0.30806646,chain_0
18.239935,0.31366947,chain_0
23.14779,0.18661352,chain_0
30.381124,0.40691954,chain_0
20.836088,0.19502607,chain_0
19.915438,0.5116882,chain_0
24.110231,0.32192263,chain_0
23.603563,0.26464123,chain_0
26.979723,0.3198146,chain_0
25.707563,0.29962528,chain_0
26.061495,0.22475864,chain_0
29.772013,0.42112154,chain_0
27.759054,0.2287663,chain_0
25.600634,0.28007647,chain_0
25.48268,0.6662651,chain_0
20.047823,0.33434477,chain_0
17.85269,0.3021324,chain_0
25.146093,0.17865658,chain_0
27.243578,0.27564436,chain_0
26.298304,0.12306288,chain_0
23.393484,0.5429454,chain_0
21.852034,0.37361863,chain_0
17.608068,0.26365757,chain_0
18.275187,0.26946956,chain_0
28.522879,0.34643674,chain_0
28.027727,0.19298355,chain_0
22.460745,0.2362644,chain_0
22.769934,0.21197096,chain_0
30.070292,0.34367937,chain_0
19.993494,0.42322809,chain_0
30.312967,0.46606094,chain_0
27.478586,0.33372885,chain_0
24.162916,0.32226893,chain_0
27.391867,0.49237877,chain_0
25.162169,0.2627428,chain_0
21.37018,0.28846237,chain_0
21.88864,0.356352,chain_0
22.009203,0.5247881,chain_0
23.091753,0.33795273,chain_0
20.765368,0.23247945,chain_0
29.151377,0.31535253,chain_0
30.203661,0.2935621,chain_0
20.565676,0.538864,chain_0
18.445791,0.22466245,chain_0
28.581255,0.35358918,chain_0
25.705343,0.3438679,chain_0
28.949835,0.38025352,chain_0
19.992002,0.35319063,chain_0
28.713408,0.36264586,chain_0
20.719522,0.24534214,chain_0
24.909487,0.29568568,chain_0
17.228926,0.49791083,chain_0
19.627611,0.29835823,chain_0
16.984701,0.33365723,chain_0
21.32416,0.35158685,chain_0
19.316576,0.1953424,chain_0
20.555285,0.3600476,chain_0
27.584677,0.3514541,chain_0
20.247324,0.37734818,chain_0
20.890627,0.4116085,chain_0
16.967627,0.38865042,chain_0
20.638315,0.31397185,chain_0
24.098036,0.24884358,chain_0
29.989038,0.42237577,chain_0
22.383902,0.2956512,chain_0
20.745985,0.20258173,chain_0
19.957815,0.32086372,chain_0
26.442759,0.34098348,chain_0
23.03837,0.41809458,chain_0
25.421053,0.3166985,chain_0
29.161734,0.20422961,chain_0
20.013777,0.2391384,chain_0
21.22857,0.3243134,chain_0
23.91419,0.5157305,chain_0
24.053572,0.4043082,chain_0
21.315706,0.29800844,chain_0
20.942297,0.44038612,chain_0
21.740446,0.33389714,chain_0
26.699442,0.32688537,chain_0
24.61424,0.25768965,chain_0
19.410719,0.55640006,chain_0
24.495092,0.32565325,chain_0
22.274622,0.34570032,chain_0
25.484255,0.41648036,chain_0
27.362146,0.36059085,chain_0
21.4634,0.33117628,chain_0
22.273294,0.36602867,chain_0
24.961775,0.33210537,chain_0
20.079031,0.25606248,chain_0
18.396658,0.2191797,chain_0
27.24161,0.33768973,chain_0
30.472075,0.42391658,chain_0
27.000616,0.20665598,chain_0
27.073965,0.3427364,chain_0
25.842188,0.24731416,chain_0
17.095499,0.36592433,chain_0
20.919725,0.42959458,chain_0
21.532923,0.44946662,chain_0
22.282179,0.41402125,chain_0
16.850542,0.34626544,chain_0
25.695402,0.2602063,chain_0
23.862112,0.2252303,chain_0
25.93669,0.4946332,chain_0
29.77868,0.28292724,chain_0
28.09709,0.30068338,chain_0
30.708315,0.28312492,chain_0
23.019815,0.380369,chain_0
18.084288,0.3875454,chain_0
24.504007,0.37370175,chain_0
19.396334,0.40367928,chain_0
25.102068,0.3835776,chain_0
30.760496,0.30483118,chain_0
23.26542,0.16417833,chain_0
22.06355,0.38071176,chain_0
17.18529,0.44875044,chain_0
18.930067,0.37350613,chain_0
26.960672,0.28678662,chain_0
28.014658,0.1829933,chain_0
26.137453,0.26409557,chain_0
19.142275,0.43043998,chain_0
24.81838,0.36308286,chain_0
26.579763,0.36229518,chain_0
23.285894,0.32653818,chain_0
30.24225,0.2246846,chain_0
22.178823,0.20341337,chain_0
26.572348,0.37907645,chain_0
25.142614,0.24259739,chain_0
24.78211,0.4103141,chain_0
17.814093,0.3415481,chain_0
19.597105,0.3231096,chain_0
25.595781,0.35424817,chain_0
18.416674,0.3365395,chain_0
26.030645,0.36852294,chain_0
19.39147,0.29358467,chain_0
18.746874,0.23687845,chain_0
30.546556,0.31178856,chain_0
22.90867,0.24490316,chain_0
19.400003,0.39028767,chain_0
16.738867,0.34292886,chain_0
25.226454,0.2439723,chain_0
27.665953,0.31176817,chain_0
28.102072,0.33294255,chain_0
18.262342,0.41470283,chain_0
24.019289,0.14011294,chain_0
27.925764,0.1506822,chain_0
27.255667,0.23492113,chain_0
29.442495,0.3569998,chain_0
21.391039,0.28302094,chain_0
22.11746,0.35493618,chain_0
23.485746,0.22028066,chain_0
28.201834,0.2718032,chain_0
17.621859,0.49521688,chain_0
22.023088,0.5178727,chain_0
22.360231,0.33133218,chain_0
24.7899,0.258248,chain_0
25.022635,0.21599753,chain_0
22.232927,0.25094193,chain_0
25.395113,0.20298532,chain_0
28.90259,0.40486783,chain_0
23.675474,0.15463075,chain_0
18.681288,0.25579208,chain_0
26.260843,0.34256136,chain_0
17.731634,0.21075216,chain_0
29.466776,0.2187231,chain_0
18.463186,0.21622713,chain_0
23.694147,0.20544505,chain_0
30.510023,0.4485348,chain_0
23.431894,0.43032953,chain_0
21.203398,0.37674505,chain_0
29.059538,0.15748708,chain_0
28.32532,0.27528486,chain_0
26.2251,0.3262879,chain_0
20.677431,0.24330911,chain_0
29.54967,0.2598314,chain_0
19.360758,0.41959035,chain_0
19.983797,0.20420806,chain_0
27.100748,0.35508567,chain_0
25.035608,0.37389103,chain_0
17.611586,0.41042525,chain_0
22.677347,0.3038888,chain_0
17.371588,0.4930117,chain_0
26.281488,0.36063847,chain_0
16.717306,0.2574075,chain_0
28.921366,0.45295045,chain_0
26.04355,0.20650372,chain_0
17.388414,0.23218906,chain_0
21.80432,0.40280342,chain_0
23.400522,0.29669943,chain_0
26.726686,0.5033258,chain_0
28.697763,0.3687118,chain_0
19.592066,0.3304212,chain_0
30.491888,0.35946977,chain_0
16.97349,0.2624167,chain_0
28.460966,0.26644892,chain_0
18.41971,0.33517313,chain_0
23.956919,0.37947354,chain_0
22.918272,0.3535169,chain_0
29.522459,0.3227662,chain_0
27.871035,0.26959348,chain_0
26.701117,0.22574173,chain_0
21.003431,0.25442186,chain_0
19.790949,0.30908406,chain_0
26.15206,0.35969108,chain_0
28.475946,0.37666348,chain_0
16.809786,0.3865674,chain_0
26.917418,0.25039282,chain_0
21.809431,0.21858796,chain_0
25.42692,0.22070664,chain_0
19.677511,0.30479795,chain_0
18.804014,0.31580755,chain_0
20.309107,0.19302416,chain_0
25.64826,0.48463547,chain_0
23.438799,0.48794034,chain_0
21.55705,0.48637035,chain_0
27.147524,0.37732905,chain_0
22.921171,0.22393382,chain_0
24.551943,0.4124692,chain_0
28.03029,0.33646765,chain_0
20.501482,0.34081125,chain_0
29.884218,0.3430871,chain_0
29.468508,0.32737163,chain_0
28.491938,0.23413008,chain_0
23.405725,0.41031256,chain_0
26.670763,0.30321863,chain_0
20.330595,0.24108669,chain_0
23.910067,0.35222954,chain_0
26.630846,0.34766862,chain_0
22.676386,0.23425767,chain_0
26.431997,0.3275092,chain_0
21.503489,0.3980673,chain_0
24.29297,0.3583037,chain_0
22.10047,0.45118785,chain_0
19.16134,0.35511085,chain_0
26.729479,0.1753755,chain_0
17.182795,0.2575392,chain_0
17.998186,0.30128297,chain_0
21.901411,0.25660124,chain_0
23.100573,0.32101673,chain_0
21.913832,0.33258754,chain_0
20.886076,0.43276688,chain_0
22.102812,0.3408002,chain_0
26.55126,0.11116944,chain_0
30.08092,0.20791976,chain_0
16.714418,0.2516499,chain_0
28.715887,0.27154326,chain_0
25.833933,0.27958626,chain_0
18.45751,0.46424153,chain_0
22.851698,0.32076353,chain_0
26.373991,0.36380205,chain_1
24.996336,0.3919611,chain_1
26.5903,0.49604765,chain_1
17.970984,0.22245757,chain_1
18.475317,0.23731282,chain_1
24.226973,0.31276625,chain_1
22.269358,0.39527315,chain_1
20.494837,0.4376443,chain_1
24.883722,0.24266209,chain_1
17.162352,0.20198967,chain_1
20.519487,0.42476887,chain_1
23.722101,0.41041684,chain_1
27.003008,0.27940267,chain_1
20.146395,0.3554563,chain_1
17.191317,0.34853953,chain_1
21.257017,0.33394572,chain_1
23.690557,0.35555473,chain_1
25.774984,0.2782162,chain_1
22.938074,0.3189249,chain_1
29.298773,0.15446061,chain_1
23.106936,0.19354415,chain_1
16.654818,0.35661393,chain_1
19.596964,0.57422745,chain_1
20.067114,0.575904,chain_1
23.910086,0.29795372,chain_1
26.673197,0.32312816,chain_1
26.746843,0.4659291,chain_1
24.488985,0.4730775,chain_1
26.808565,0.4247092,chain_1
21.327509,0.3260064,chain_1
19.892076,0.35015127,chain_1
25.964903,0.18942773,chain_1
30.199488,0.3374734,chain_1
27.471674,0.22970513,chain_1
19.147264,0.21173218,chain_1
21.566832,0.33323288,chain_1
26.003077,0.28916562,chain_1
18.965506,0.19389218,chain_1
25.232313,0.5260894,chain_1
17.195635,0.34674048,chain_1
20.44695,0.23876426,chain_1
27.610907,0.26106834,chain_1
20.036623,0.34823573,chain_1
20.51982,0.4740417,chain_1
24.891462,0.3938694,chain_1
22.925173,0.40132073,chain_1
27.983194,0.28538316,chain_1
25.217566,0.2296678,chain_1
22.6597,0.24980474,chain_1
28.779013,0.3915891,chain_1
17.42026,0.2853529,chain_1
23.265444,0.32783884,chain_1
21.661615,0.25956017,chain_1
17.639875,0.36907792,chain_1
25.959143,0.25546524,chain_1
29.297392,0.2353602,chain_1
27.668524,0.20501192,chain_1
22.698977,0.15660009,chain_1
25.206297,0.19321644,chain_1
28.298922,0.20818916,chain_1
20.388842,0.41836178,chain_1
27.80747,0.32190394,chain_1
24.671247,0.3087118,chain_1
21.187178,0.25736743,chain_1
28.457682,0.37714937,chain_1
17.613783,0.26026055,chain_1
25.00561,0.4502529,chain_1
17.243567,0.31545582,chain_1
30.628107,0.36445847,chain_1
27.088266,0.3122465,chain_1
19.819864,0.3714706,chain_1
23.72421,0.2958963,chain_1
24.350801,0.3852647,chain_1
23.216742,0.1660604,chain_1
23.99238,0.2835005,chain_1
20.632551,0.29165447,chain_1
17.581106,0.48324877,chain_1
22.254385,0.26352382,chain_1
25.454828,0.41241863,chain_1
29.593271,0.47371456,chain_1
29.618551,0.29607764,chain_1
21.195562,0.23242845,chain_1
27.772322,0.17697196,chain_1
25.17673,0.27849022,chain_1
30.330969,0.2285404,chain_1
25.300673,0.364758,chain_1
23.893358,0.42836678,chain_1
17.40251,0.3111054,chain_1
21.0202,0.42653817,chain_1
30.309301,0.3725405,chain_1
24.721846,0.30392087,chain_1
26.89459,0.2085587,chain_1
24.621,0.44960085,chain_1
18.924807,0.38719535,chain_1
30.15956,0.3037998,chain_1
29.647776,0.23377953,chain_1
22.894754,0.31229785,chain_1
16.898283,0.16934691,chain_1
22.749617,0.2793341,chain_1
24.862505,0.356405,chain_1
20.815748,0.2759399,chain_1
25.726114,0.44144246,chain_1
26.744844,0.28378856,chain_1
27.503626,0.4268355,chain_1
26.717249,0.40937203,chain_1
21.07218,0.42472178,chain_1
19.962759,0.37077817,chain_1
28.427622,0.39475003,chain_1
24.66099,0.38415456,chain_1
22.061064,0.29165778,chain_1
28.40288,0.34299964,chain_1
20.607096,0.3843782,chain_1
22.144701,0.5104555,chain_1
22.864466,0.20058756,chain_1
19.971952,0.20585635,chain_1
27.280321,0.30818334,chain_1
16.9448,0.32059348,chain_1
26.474195,0.3128988,chain_1
22.456503,0.3283932,chain_1
19.13949,0.545578,chain_1
26.359621,0.28762498,chain_1
19.861776,0.23234905,chain_1
27.312048,0.3507572,chain_1
25.54577,0.37041426,chain_1
19.765287,0.34897316,chain_1
20.29138,0.3420271,chain_1
23.432016,0.47674662,chain_1
20.585619,0.48558298,chain_1
24.258871,0.28810382,chain_1
25.507849,0.3711386,chain_1
19.65138,0.35480332,chain_1
26.270102,0.39595893,chain_1
28.988604,0.39316896,chain_1
26.774347,0.33677134,chain_1
27.025713,0.29697236,chain_1
25.516874,0.34199014,chain_1
17.393587,0.3480722,chain_1
19.667723,0.30548185,chain_1
22.805399,0.15017861,chain_1
26.255941,0.20461322,chain_1
16.676092,0.32342994,chain_1
29.159338,0.30419978,chain_1
18.243822,0.4006274,chain_1
17.094011,0.22113132,chain_1
16.673338,0.4315263,chain_1
27.192347,0.19555338,chain_1
27.173822,0.3291617,chain_1
17.637705,0.31016523,chain_1
26.575335,0.27714777,chain_1
23.332651,0.38903865,chain_1
24.090197,0.2682971,chain_1
25.624056,0.4023219,chain_1
20.62617,0.40525135,chain_1
28.321005,0.30413422,chain_1
23.151903,0.18762684,chain_1
27.56347,0.21753488,chain_1
20.800283,0.35235125,chain_1
30.528276,0.15782249,chain_1
28.272871,0.33188593,chain_1
27.291498,0.33742613,chain_1
27.48057,0.2522132,chain_1
23.174757,0.3016,chain_1
20.34633,0.32000986,chain_1
23.85412,0.26926363,chain_1
29.663546,0.19787484,chain_1
20.881498,0.20176373,chain_1
23.160006,0.28789726,chain_1
20.163664,0.27087635,chain_1
17.189795,0.32358277,chain_1
26.091986,0.42809504,chain_1
28.866762,0.388711,chain_1
20.289118,0.28290546,chain_1
26.508188,0.26569486,chain_1
17.447096,0.26180318,chain_1
22.572416,0.30665722,chain_1
29.600592,0.31723115,chain_1
24.917578,0.35632506,chain_1
19.596304,0.27652243,chain_1
20.61611,0.30491346,chain_1
25.425104,0.28032812,chain_1
22.276667,0.28348508,chain_1
20.536604,0.31909528,chain_1
26.219095,0.28244877,chain_1
19.115606,0.3042766,chain_1
26.781347,0.34282258,chain_1
17.638086,0.3509512,chain_1
18.14873,0.36614397,chain_1
23.289206,0.4020478,chain_1
25.934752,0.263425,chain_1
21.885,0.30645114,chain_1
25.925303,0.2627815,chain_1
20.46493,0.38586494,chain_1
26.648928,0.27254608,chain_1
22.417444,0.34875774,chain_1
27.627539,0.25650686,chain_1
30.486063,0.5067042,chain_1
26.924314,0.3489129,chain_1
18.001802,0.31713927,chain_1
25.384058,0.2892372,chain_1
21.543558,0.2595534,chain_1
17.280096,0.52427274,chain_1
26.266466,0.43516263,chain_1
24.533491,0.37826806,chain_1
17.538916,0.3756363,chain_1
21.91488,0.46226114,chain_1
27.1853,0.32138637,chain_1
18.409513,0.37666392,chain_1
19.967787,0.32639447,chain_1
25.941252,0.27700987,chain_1
29.760252,0.35645157,chain_1
17.146673,0.38101,chain_1
24.468714,0.25393203,chain_1
19.58233,0.21623449,chain_1
24.620714,0.19017571,chain_1
20.89268,0.43096873,chain_1
24.605333,0.21029785,chain_1
19.487597,0.536485,chain_1
26.14863,0.24229504,chain_1
23.665297,0.26687512,chain_1
25.737612,0.46523842,chain_1
18.929499,0.21130402,chain_1
24.295595,0.39456543,chain_1
25.09994,0.38893917,chain_1
29.315817,0.2488844,chain_1
23.361864,0.33809018,chain_1
19.751463,0.24494436,chain_1
24.047659,0.37181515,chain_1
17.979483,0.29315794,chain_1
28.306154,0.46202034,chain_1
25.50342,0.42333937,chain_1
18.418173,0.39355287,chain_1
25.220865,0.16237482,chain_1
23.86804,0.29560354,chain_1
22.64734,0.28627864,chain_1
25.562849,0.24023663,chain_1
29.239412,0.36258593,chain_1
17.39807,0.28788298,chain_1
22.781942,0.21986711,chain_1
28.711836,0.36325964,chain_1
30.618612,0.4058903,chain_1
21.484022,0.53064704,chain_1
20.553404,0.27190095,chain_1
18.076715,0.29100734,chain_1
27.562014,0.16674504,chain_1
23.726824,0.3540327,chain_1
28.002337,0.28247762,chain_1
20.626547,0.31962472,chain_1
27.220995,0.3635081,chain_1
30.286444,0.21188104,chain_1
20.016302,0.29121172,chain_1
23.119715,0.2068882,chain_1
24.132612,0.43694595,chain_1
21.777822,0.46036765,chain_1
19.866114,0.3285322,chain_1
25.037992,0.30300167,chain_1
22.234468,0.3917311,chain_1
17.94937,0.14689374,chain_1
22.829767,0.3429306,chain_1
24.745996,0.34282762,chain_1
26.764685,0.41484466,chain_1
28.370405,0.1937412,chain_1
22.432566,0.43228054,chain_1
24.813063,0.23597607,chain_1
23.993277,0.36511362,chain_1
29.11849,0.27308092,chain_1
17.032393,0.2632547,chain_1
22.802969,0.2724695,chain_1
20.991419,0.32222837,chain_1
30.604525,0.21085685,chain_1
17.703928,0.12660536,chain_1
21.953897,0.27100065,chain_1
25.631197,0.41198188,chain_1
29.85015,0.28533906,chain_1
29.863527,0.30079645,chain_1
24.9591,0.4347638,chain_1
20.578905,0.33794624,chain_1
28.912992,0.23876813,chain_1
30.19287,0.24225783,chain_1
28.247732,0.39517778,chain_1
17.397337,0.24118902,chain_1
20.5422,0.38604513,chain_1
25.353579,0.32567772,chain_1
17.223852,0.2783814,chain_1
30.208426,0.21946779,chain_1
29.249613,0.3671459,chain_1
18.823854,0.2589661,chain_1
26.554155,0.21608198,chain_1
27.017206,0.3584473,chain_1
28.387339,0.38012305,chain_1
27.039873,0.22004338,chain_1
29.33969,0.29208943,chain_1
24.075922,0.2392926,chain_1
29.788733,0.31198344,chain_1
16.714575,0.43235227,chain_1
22.188234,0.265765,chain_1
21.939459,0.3827157,chain_1
29.749155,0.32500592,chain_1
16.839827,0.22203322,chain_1
29.87943,0.2540778,chain_1
26.160517,0.36454102,chain_1
18.203955,0.31754246,chain_1
25.107946,0.29745203,chain_1
19.336294,0.2807767,chain_1
30.030321,0.34106988,chain_1
27.73356,0.2976993,chain_1
24.66995,0.26184082,chain_1
30.343344,0.24789111,chain_1
30.675722,0.27983806,chain_1
27.096487,0.21992028,chain_1
20.107862,0.23484863,chain_1
17.538591,0.21774732,chain_1
21.912317,0.44174877,chain_1
19.415777,0.2644691,chain_1
23.250708,0.42147565,chain_1
22.452837,0.311123,chain_1
26.540049,0.17738503,chain_1
26.095037,0.3960731,chain_1
17.729399,0.3721286,chain_1
26.824236,0.3334312,chain_1
24.007162,0.2792918,chain_1
23.399458,0.25622362,chain_1
22.961088,0.27074042,chain_1
21.637701,0.34494478,chain_1
21.35309,0.33748788,chain_1
28.45022,0.2373225,chain_1
30.002405,0.40856907,chain_1
17.666265,0.4313156,chain_1
23.960203,0.3656378,chain_1
22.456411,0.26488245,chain_1
21.323408,0.33386198,chain_1
28.861189,0.47402492,chain_1
21.640604,0.3797801,chain_1
20.300646,0.30423284,chain_1
24.444998,0.34485024,chain_1
19.088697,0.2515045,chain_1
29.241255,0.39535624,chain_1
25.382738,0.22040479,chain_1
23.867094,0.60153854,chain_1
17.937761,0.2502236,chain_1
26.044264,0.39662024,chain_1
17.552896,0.32998872,chain_1
21.15557,0.3263515,chain_1
29.208284,0.2563236,chain_1
30.063425,0.2405143,chain_1
28.255919,0.23817968,chain_1
23.863943,0.23182942,chain_1
19.685255,0.38494986,chain_1
17.382032,0.349425,chain_1
16.989931,0.40401074,chain_1
28.436022,0.26265275,chain_1
21.789316,0.26300108,chain_1
18.727098,0.30136067,chain_1
21.67246,0.40159482,chain_1
28.242777,0.29743612,chain_1
17.433622,0.49684885,chain_1
26.80556,0.32264265,chain_1
21.76097,0.24415992,chain_1
28.530378,0.40481165,chain_1
29.546614,0.23608479,chain_1
19.978075,0.25398132,chain_1
19.731737,0.24982874,chain_1
26.974401,0.40555358,chain_1
27.436949,0.33038956,chain_1
27.671728,0.30640584,chain_1
19.454332,0.23923522,chain_1
19.812696,0.2781349,chain_1
26.017282,0.3171023,chain_1
24.11791,0.24620157,chain_1
22.61674,0.35044315,chain_1
24.948996,0.30788916,chain_1
25.419973,0.32458544,chain_1
17.88923,0.17182334,chain_1
17.948404,0.38721913,chain_1
19.391905,0.31849524,chain_1
23.325048,0.48523632,chain_1
28.395666,0.28454554,chain_1
28.355326,0.44972914,chain_1
23.680376,0.29251805,chain_1
29.156649,0.48069593,chain_1
24.8282,0.27400422,chain_1
20.913877,0.22879092,chain_1
21.707659,0.3056464,chain_1
24.61225,0.37364632,chain_1
26.238146,0.31983665,chain_1
28.397264,0.2566345,chain_1
22.849451,0.110596314,chain_1
24.557837,0.5371118,chain_1
17.440908,0.25362834,chain_1
21.66675,0.21892858,chain_1
27.128744,0.17025046,chain_1
25.64834,0.17065106,chain_1
20.043512,0.30485758,chain_1
24.490705,0.2031146,chain_1
24.71612,0.23413391,chain_1
22.6215,0.31026193,chain_1
16.970171,0.21960464,chain_1
22.33468,0.4688837,chain_1
27.299109,0.34729904,chain_1
20.131945,0.29237053,chain_1
25.586138,0.4975006,chain_1
17.013575,0.25489908,chain_1
16.816854,0.31805855,chain_1
23.455675,0.42585212,chain_1
18.414148,0.27021387,chain_1
24.964808,0.25781345,chain_1
23.481405,0.35009852,chain_1
19.443201,0.45583323,chain_1
21.349653,0.20617428,chain_1
22.219442,0.23581919,chain_1
18.042513,0.31835863,chain_1
18.447004,0.46899137,chain_1
26.284964,0.40579635,chain_1
18.073336,0.3366145,chain_1
22.73242,0.20580375,chain_1
29.7209,0.39641643,chain_1
27.240427,0.20450945,chain_1
18.847143,0.27931023,chain_1
21.071318,0.25359696,chain_1
27.809969,0.47860345,chain_1
21.071306,0.3481071,chain_1
21.75255,0.49958205,chain_1
22.996641,0.2769939,chain_1
27.305563,0.37624416,chain_1
18.707705,0.41996032,chain_1
19.802282,0.30418766,chain_1
17.542322,0.4526913,chain_1
17.700357,0.64596367,chain_1
28.120333,0.26347983,chain_1
21.105097,0.4400426,chain_1
26.13762,0.3258455,chain_1
29.759108,0.27498364,chain_1
23.21588,0.233357,chain_1
18.201704,0.27905288,chain_1
29.831598,0.28517258,chain_1
25.120272,0.36043972,chain_1
19.136862,0.4205383,chain_1
26.927534,0.21875529,chain_1
25.766012,0.35496548,chain_1
29.998789,0.28003687,chain_1
29.914858,0.37636524,chain_1
18.80879,0.2915078,chain_1
28.011179,0.15757783,chain_1
18.064299,0.39532846,chain_1
20.983252,0.328563,chain_1
18.08639,0.34797582,chain_1
20.032175,0.3336719,chain_1
18.043234,0.24852604,chain_1
24.46797,0.28721744,chain_1
26.912546,0.46504623,chain_1
19.878313,0.3319587,chain_1
25.728983,0.24221799,chain_1
23.380995,0.3985647,chain_1
28.423521,0.1863991,chain_1
26.409025,0.36370003,chain_1
23.48192,0.25689518,chain_1
29.29571,0.20746154,chain_1
17.376055,0.31506172,chain_1
23.875963,0.28083393,chain_1
20.982527,0.27923617,chain_1
26.765646,0.40101257,chain_1
28.497072,0.49483874,chain_1
18.922438,0.40131465,chain_1
23.827097,0.24735552,chain_1
28.752172,0.2832877,chain_1
20.120047,0.34119424,chain_1
24.91134,0.42504597,chain_1
20.018473,0.3812314,chain_1
25.238543,0.33461794,chain_1
25.826788,0.24025716,chain_1
26.946661,0.15552981,chain_1
27.35465,0.39637962,chain_1
25.26121,0.24376394,chain_1
17.104937,0.28798485,chain_1
25.46523,0.21650815,chain_1
27.706617,0.38247377,chain_1
21.86756,0.45335174,chain_1
21.97159,0.2812458,chain_1
20.637514,0.38429055,chain_1
28.741575,0.36212334,chain_1
27.952772,0.32517776,chain_1
21.863829,0.29638955,chain_1
17.436613,0.20216511,chain_1
18.736177,0.23385887,chain_1
25.017885,0.38202706,chain_1
17.385237,0.37927392,chain_1
27.798525,0.29637945,chain_1
20.90985,0.2918765,chain_1
28.97883,0.24796423,chain_1
28.22066,0.41113114,chain_1
21.82765,0.3752205,chain_1
22.67652,0.50362575,chain_1
20.691252,0.3369379,chain_1
24.968363,0.27134904,chain_1
23.075068,0.28341037,chain_1
26.688208,0.21948707,chain_1
24.675749,0.28200325,chain_1
20.071089,0.26090384,chain_1
24.909079,0.37336257,chain_1
20.982111,0.5007445,chain_1
23.089666,0.48024243,chain_1
21.870207,0.21743414,chain_1
17.539896,0.33994305,chain_1
17.745428,0.25152943,chain_1
23.844866,0.22184046,chain_1
28.003408,0.36279798,chain_1
16.75678,0.39953145,chain_1
25.368917,0.33328205,chain_1
19.58853,0.17963308,chain_1
23.266088,0.5240994,chain_1
27.919489,0.27001965,chain_1
16.752108,0.47439623,chain_1
24.457846,0.59400344,chain_1
27.40642,0.2693256,chain_1
21.273409,0.24960087,chain_1
17.834711,0.19071504,chain_1
21.63457,0.39679867,chain_1
29.658583,0.21108407,chain_1
20.16031,0.34847918,chain_1
17.677752,0.23288627,chain_1
22.702044,0.3181339,chain_1
24.286154,0.2919219,chain_1
16.773527,0.40427274,chain_1
25.648249,0.3738152,chain_1
22.396284,0.21122257,chain_1
30.117228,0.37296665,chain_1
24.838041,0.2751301,chain_1
29.112883,0.3213101,chain_1
24.178267,0.29215345,chain_1
24.282877,0.23909971,chain_1
24.707407,0.2615062,chain_1
21.156408,0.2166124,chain_1
27.609442,0.3304169,chain_1
23.37422,0.21425237,chain_1
24.592524,0.2994356,chain_1
25.223627,0.24729644,chain_1
23.94219,0.19784944,chain_1
22.509424,0.2092193,chain_1
26.29648,0.3749869,chain_1
26.887274,0.30619782,chain_1
27.729383,0.43561128,chain_1
16.801912,0.3224208,chain_1
25.150942,0.3820155,chain_1
20.869051,0.19796593,chain_1
22.260252,0.35131866,chain_1
18.66813,0.290671,chain_1
23.80321,0.30455264,chain_1
22.814306,0.31829128,chain_1
18.395521,0.1267272,chain_1
16.92451,0.1482956,chain_1
28.595469,0.29084828,chain_1
24.788912,0.42022395,chain_1
27.920809,0.18534483,chain_1
28.064726,0.31924325,chain_1
30.561045,0.48056,chain_1
28.97449,0.30537355,chain_1
16.870134,0.3830225,chain_1
25.3897,0.2058446,chain_1
29.866335,0.35727862,chain_1
29.425695,0.36999875,chain_1
26.695543,0.35440764,chain_1
21.294867,0.26219398,chain_1
29.685751,0.27702036,chain_1
21.852339,0.38897142,chain_1
22.6942,0.32074577,chain_1
24.446394,0.18313263,chain_1
27.49832,0.30552518,chain_1
23.418509,0.39726654,chain_1
17.477442,0.17777838,chain_1
23.20809,0.3223291,chain_1
29.730051,0.39138442,chain_1
20.4246,0.26629475,chain_1
24.341097,0.36095813,chain_1
20.789782,0.28435948,chain_1
24.311136,0.22241971,chain_1
27.82282,0.38718662,chain_1
28.840265,0.2872748,chain_1
28.520014,0.25266352,chain_1
20.524508,0.37342355,chain_1
27.109041,0.20103484,chain_1
27.115694,0.42582345,chain_1
27.898314,0.34657627,chain_1
29.187693,0.30553138,chain_1
25.847898,0.28841683,chain_1
24.581602,0.43612057,chain_1
27.801931,0.33724102,chain_1
21.024096,0.41948903,chain_1
16.826303,0.33175945,chain_1
24.40333,0.35723045,chain_1
17.675512,0.2629494,chain_1
23.231718,0.37177262,chain_1
17.090734,0.26365012,chain_1
22.585218,0.3541814,chain_1
25.507208,0.35103828,chain_1
18.138777,0.30757985,chain_1
27.184294,0.41661358,chain_1
18.261072,0.42912164,chain_1
19.933882,0.29565054,chain_1
21.561968,0.2338425,chain_1
20.5274,0.35893154,chain_1
28.409601,0.2568861,chain_1
18.333193,0.1513002,chain_1
24.625917,0.36595953,chain_1
23.769918,0.33258754,chain_1
29.01547,0.28025392,chain_1
28.361216,0.32341594,chain_1
27.94145,0.30650377,chain_1
25.000494,0.35696208,chain_1
19.203936,0.22864896,chain_1
16.684164,0.2878616,chain_1
20.125559,0.34658363,chain_1
29.145311,0.2207155,chain_1
22.391462,0.3565008,chain_1
21.028528,0.23677795,chain_1
18.033384,0.2257496,chain_1
20.472395,0.32398733,chain_1
26.623938,0.24700584,chain_1
18.826406,0.17093277,chain_1
23.690142,0.4811648,chain_1
21.595457,0.29732952,chain_1
23.605726,0.3095575,chain_1
24.007105,0.33616322,chain_1
30.411978,0.22587977,chain_1
19.67624,0.28035778,chain_1
19.874697,0.23133145,chain_1
21.155462,0.35287613,chain_1
23.266214,0.33247972,chain_1
21.904833,0.3150888,chain_1
20.438581,0.3452678,chain_1
29.477674,0.34696785,chain_1
28.910936,0.19508004,chain_1
27.433752,0.38835,chain_1
18.113092,0.419164,chain_1
23.500952,0.2928355,chain_1
19.483381,0.17049955,chain_1
23.757177,0.4780901,chain_1
24.135756,0.35643572,chain_1
26.447702,0.35339,chain_1
28.328173,0.31331858,chain_1
24.908937,0.3939978,chain_1
28.261377,0.3426759,chain_1
18.863894,0.26628637,chain_1
18.948591,0.30532244,chain_1
19.243902,0.33428192,chain_1
18.325869,0.31248033,chain_1
26.464502,0.4594214,chain_1
22.813257,0.28785592,chain_1
21.888952,0.43899527,chain_1
28.163729,0.33492136,chain_1
27.368616,0.2494856,chain_1
22.103888,0.42319566,chain_1
28.5454,0.11793043,chain_1
20.338606,0.32090583,chain_1
16.724836,0.23419143,chain_1
27.299803,0.38099378,chain_1
27.231127,0.20124978,chain_1
18.191763,0.36730292,chain_1
17.34429,0.45276523,chain_1
17.536741,0.29312637,chain_1
25.273954,0.41387972,chain_1
22.817812,0.21096687,chain_1
23.505106,0.30123517,chain_1
16.749746,0.28689677,chain_1
21.637854,0.16669203,chain_1
18.924273,0.20502952,chain_1
26.356325,0.31856173,chain_1
26.469103,0.42682996,chain_1
19.709486,0.22880165,chain_1
23.544325,0.3165288,chain_1
17.853468,0.28649965,chain_1
26.48535,0.25720516,chain_1
20.403025,0.5136624,chain_1
25.776388,0.3759451,chain_1
27.520643,0.31214786,chain_1
23.314417,0.25367832,chain_1
19.900057,0.5104703,chain_1
22.645784,0.17575708,chain_1
18.335573,0.5192901,chain_1
30.719694,0.377539,chain_1
23.969843,0.3797518,chain_1
19.872896,0.36835784,chain_1
21.884066,0.28300154,chain_1
20.603132,0.32744685,chain_1
20.43252,0.4769856,chain_1
30.160295,0.51311904,chain_1
27.183764,0.23245876,chain_1
25.645151,0.53985494,chain_1
19.651575,0.2433038,chain_1
27.810568,0.3328103,chain_1
23.475214,0.3347977,chain_1
26.47692,0.19969088,chain_1
19.483278,0.47030807,chain_1
20.257261,0.4770897,chain_1
18.77619,0.32407,chain_1
25.975348,0.36429498,chain_1
18.849436,0.23712352,chain_1
18.298582,0.250379,chain_1
25.025595,0.239851,chain_1
21.755339,0.4146199,chain_1
21.372488,0.44280243,chain_1
29.512453,0.32597718,chain_1
18.833788,0.33622712,chain_1
22.272825,0.33955863,chain_1
27.282862,0.33014274,chain_1
29.73128,0.3452076,chain_1
17.182432,0.24721438,chain_1
25.377295,0.4970178,chain_1
23.968584,0.36284378,chain_1
29.60829,0.18448484,chain_1
17.366419,0.2138848,chain_1
17.109411,0.33750004,chain_1
29.516413,0.36341736,chain_1
19.351309,0.26644298,chain_1
20.536985,0.28984675,chain_1
20.524366,0.24781612,chain_1
18.42027,0.17112854,chain_1
26.942755,0.2751297,chain_1
30.251974,0.28307527,chain_1
19.708414,0.26335996,chain_1
22.777079,0.37384284,chain_1
20.89165,0.23763219,chain_1
21.81315,0.19587485,chain_1
18.551973,0.19746467,chain_1
17.597197,0.36999395,chain_1
20.547186,0.6453888,chain_1
19.114302,0.43751943,chain_1
23.00744,0.23187399,chain_1
27.81864,0.15401302,chain_1
16.927198,0.3716941,chain_1
27.118113,0.17472766,chain_1
20.415491,0.33514443,chain_1
17.62961,0.37431338,chain_1
28.012148,0.42331016,chain_1
23.779287,0.24663584,chain_1
26.664198,0.2618961,chain_1
28.834532,0.38215017,chain_1
17.855783,0.23432945,chain_1
23.229109,0.2916476,chain_1
28.18976,0.38112655,chain_1
21.632788,0.31810516,chain_1
20.70796,0.38928336,chain_1
17.451609,0.26130328,chain_1
21.066843,0.2710784,chain_1
23.99454,0.20368543,chain_1
18.280916,0.42588416,chain_1
21.675066,0.24649501,chain_1
24.841528,0.37026843,chain_1
19.846407,0.37740025,chain_1
19.480112,0.2913941,chain_1
28.15576,0.3200012,chain_1
30.268,0.33117387,chain_1
18.387781,0.27785864,chain_1
27.71248,0.27599478,chain_1
23.852652,0.35410097,chain_1
27.659475,0.23744774,chain_1
28.289328,0.16258042,chain_1
23.476164,0.29192454,chain_1
18.51135,0.26299912,chain_1
27.038359,0.28112024,chain_1
20.459257,0.30827284,chain_1
20.621092,0.23248166,chain_1
23.324675,0.39824817,chain_1
26.159044,0.34523985,chain_1
27.55377,0.3497035,chain_1
26.032503,0.2411122,chain_1
20.816816,0.4402673,chain_1
21.015745,0.22666053,chain_1
28.197367,0.33649787,chain_1
30.681704,0.47425824,chain_1
29.998602,0.12889534,chain_1
17.264498,0.24431072,chain_1
24.150934,0.34307456,chain_1
28.801317,0.19288012,chain_1
23.589941,0.39385092,chain_1
28.512407,0.23223321,chain_1
30.402311,0.30427438,chain_1
27.73445,0.3528944,chain_1
20.745546,0.5056316,chain_1
21.550516,0.21515185,chain_1
16.950636,0.2505792,chain_1
27.938807,0.28482777,chain_1
26.278688,0.30527812,chain_1
20.881872,0.27459934,chain_1
24.09363,0.2197031,chain_1
21.313738,0.2768331,chain_1
21.807627,0.34378558,chain_1
23.805548,0.3810514,chain_1
29.712427,0.29734552,chain_1
16.870363,0.39708912,chain_1
27.700441,0.53582084,chain_1
27.285975,0.2608047,chain_1
20.988066,0.38338232,chain_1
25.155474,0.2449751,chain_1
25.085611,0.45441198,chain_1
19.512728,0.2841649,chain_1
24.309317,0.37158105,chain_1
21.317907,0.18331033,chain_1
17.07165,0.2798996,chain_1
21.696798,0.24682851,chain_1
30.299063,0.26085284,chain_1
30.60993,0.3506369,chain_1
29.8151,0.32365212,chain_1
29.153032,0.34064505,chain_1
19.649202,0.19057907,chain_1
27.692907,0.24917844,chain_1
23.344809,0.23259543,chain_1
20.90811,0.26424792,chain_1
23.5389,0.3566083,chain_1
24.405504,0.25845665,chain_1
25.454206,0.38805053,chain_1
23.551313,0.31769472,chain_1
20.200842,0.32286143,chain_1
29.60703,0.47647285,chain_1
18.786543,0.45811117,chain_1
26.785448,0.3174775,chain_1
18.759901,0.35343504,chain_1
26.421701,0.3972705,chain_1
17.006453,0.17386115,chain_1
30.16287,0.32272798,chain_1
29.007772,0.371442,chain_1
29.980509,0.3866563,chain_1
30.087713,0.2983709,chain_1
20.878763,0.23051907,chain_1
19.750631,0.3241308,chain_1
21.129255,0.31799406,chain_1
17.262228,0.18353859,chain_1
21.425722,0.28162017,chain_1
22.454355,0.32951495,chain_1
18.78224,0.23913176,chain_1
30.080877,0.25641924,chain_1
29.895346,0.29761657,chain_1
22.850729,0.34691548,chain_1
22.435919,0.2220618,chain_1
23.241629,0.30572286,chain_1
20.121988,0.230444,chain_1
24.210867,0.32595745,chain_2
23.727262,0.29520395,chain_2
16.718054,0.36668307,chain_2
20.844809,0.33715275,chain_2
19.739256,0.3656102,chain_2
16.738588,0.24044408,chain_2
27.018747,0.28950515,chain_2
27.45053,0.2855744,chain_2
30.222513,0.40961343,chain_2
18.007685,0.3402724,chain_2
30.449228,0.13640241,chain_2
21.49573,0.32232153,chain_2
25.300657,0.24100587,chain_2
18.198015,0.23254818,chain_2
18.045656,0.43189207,chain_2
24.870047,0.30567175,chain_2
21.832712,0.26166546,chain_2
25.98873,0.24589863,chain_2
29.628874,0.36410543,chain_2
19.60668,0.30797702,chain_2
27.845167,0.33910322,chain_2
24.135275,0.2876172,chain_2
23.84379,0.30043912,chain_2
29.909708,0.32141343,chain_2
21.703001,0.25180024,chain_2
24.220888,0.3173908,chain_2
19.995466,0.24294649,chain_2
20.153135,0.31935346,chain_2
27.537096,0.31141835,chain_2
29.25743,0.312742,chain_2
27.951395,0.2872594,chain_2
16.698446,0.53742653,chain_2
24.17195,0.26218763,chain_2
27.114603,0.41028878,chain_2
28.974234,0.39275333,chain_2
23.140173,0.26567793,chain_2
22.073763,0.3350963,chain_2
24.557219,0.35033008,chain_2
19.000631,0.21536003,chain_2
23.028852,0.34855586,chain_2
17.941046,0.3106441,chain_2
26.333403,0.20275828,chain_2
25.971186,0.4180099,chain_2
19.91751,0.20394406,chain_2
29.187048,0.33646613,chain_2
18.988218,0.26154074,chain_2
26.736925,0.42123124,chain_2
25.432726,0.34106222,chain_2
22.818594,0.25643656,chain_2
17.087557,0.30988717,chain_2
30.720434,0.22270738,chain_2
28.724798,0.31931016,chain_2
17.701239,0.36844873,chain_2
28.172235,0.11770088,chain_2
29.983969,0.18285005,chain_2
21.69798,0.2595481,chain_2
25.408098,0.42110264,chain_2
18.063337,0.600748,chain_2
28.726408,0.34267476,chain_2
30.520845,0.31344938,chain_2
24.133627,0.44003084,chain_2
21.539213,0.3301293,chain_2
30.756083,0.2671208,chain_2
26.478281,0.42677435,chain_2
19.720098,0.29418814,chain_2
27.948774,0.3076949,chain_2
27.493826,0.42111942,chain_2
22.073744,0.27224907,chain_2
23.28427,0.23222737,chain_2
17.614508,0.34484708,chain_2
22.271444,0.43517667,chain_2
20.892286,0.40893185,chain_2
26.311293,0.42952412,chain_2
29.76628,0.398738,chain_2
21.948301,0.32553685,chain_2
29.692945,0.23924841,chain_2
29.884748,0.30470622,chain_2
21.572958,0.26409543,chain_2
25.378462,0.29834357,chain_2
27.906633,0.23525456,chain_2
21.11078,0.19660151,chain_2
18.678553,0.3809832,chain_2
19.045801,0.37219125,chain_2
25.754412,0.44359297,chain_2
24.264551,0.22549634,chain_2
20.688856,0.37725437,chain_2
17.865168,0.35459352,chain_2
26.898619,0.5483547,chain_2
30.306414,0.32715237,chain_2
30.448664,0.39691734,chain_2
29.198732,0.33052632,chain_2
20.371225,0.24417336,chain_2
23.265673,0.16812189,chain_2
23.920244,0.27264163,chain_2
29.81362,0.33771014,chain_2
29.390955,0.39084312,chain_2
26.82728,0.5937701,chain_2
29.93263,0.39189395,chain_2
29.363874,0.2793514,chain_2
29.959581,0.44389927,chain_2
23.625208,0.27853522,chain_2
21.336515,0.30023357,chain_2
25.342642,0.3053589,chain_2
21.225328,0.35354653,chain_2
30.457869,0.36144927,chain_2
20.641195,0.2688195,chain_2
28.490671,0.4463614,chain_2
27.631346,0.16213329,chain_2
25.832266,0.31351376,chain_2
23.259718,0.40083924,chain_2
24.25374,0.26165122,chain_2
22.030142,0.26496258,chain_2
27.043356,0.22850607,chain_2
22.916868,0.56996197,chain_2
23.649973,0.2684293,chain_2
24.267637,0.33609033,chain_2
28.833769,0.23771128,chain_2
26.643305,0.48489296,chain_2
18.346731,0.35339224,chain_2
18.31153,0.36162725,chain_2
23.563745,0.25621647,chain_2
23.518805,0.2815062,chain_2
24.387598,0.31595144,chain_2
24.504694,0.42859694,chain_2
23.479643,0.22443904,chain_2
21.419184,0.17948937,chain_2
25.649431,0.36669806,chain_2
26.659819,0.18317312,chain_2
28.135881,0.22509363,chain_2
29.242525,0.17613648,chain_2
20.201246,0.2383617,chain_2
28.222502,0.22779986,chain_2
28.613737,0.47359133,chain_2
17.237429,0.3454328,chain_2
17.24439,0.3443413,chain_2
18.740007,0.4075498,chain_2
26.668451,0.3123108,chain_2
23.067564,0.4217618,chain_2
28.998106,0.3152801,chain_2
23.776613,0.27676225,chain_2
22.94134,0.372954,chain_2
16.67436,0.29791138,chain_2
21.316633,0.34012094,chain_2
20.819826,0.33797434,chain_2
19.819242,0.3399662,chain_2
25.569857,0.20201251,chain_2
24.93205,0.24078234,chain_2
30.354162,0.30412832,chain_2
19.471663,0.2916017,chain_2
17.83615,0.26702052,chain_2
16.67505,0.29146844,chain_2
26.391886,0.33783224,chain_2
28.17486,0.3538348,chain_2
19.698797,0.24369642,chain_2
30.28346,0.5144251,chain_2
24.142935,0.4550217,chain_2
24.934572,0.29877806,chain_2
26.170446,0.27801454,chain_2
26.7177,0.3759693,chain_2
16.716711,0.38465402,chain_2
26.552164,0.24936071,chain_2
20.026918,0.3929862,chain_2
28.849062,0.30378523,chain_2
25.046892,0.22809565,chain_2
17.914103,0.28185582,chain_2
17.679167,0.15086737,chain_2
17.292894,0.3779227,chain_2
23.906286,0.19869374,chain_2
24.171618,0.33974764,chain_2
26.512335,0.2811792,chain_2
17.192846,0.22846116,chain_2
29.76967,0.2575287,chain_2
25.933886,0.30810916,chain_2
17.018415,0.41437,chain_2
17.010275,0.35726804,chain_2
30.323435,0.297028,chain_2
18.542265,0.36562768,chain_2
19.1756,0.35564747,chain_2
27.03491,0.4082826,chain_2
29.559301,0.31147215,chain_2
26.39559,0.3736773,chain_2
26.930334,0.27102342,chain_2
25.933496,0.3645436,chain_2
28.60679,0.3052029,chain_2
26.017271,0.35497388,chain_2
21.692854,0.3195967,chain_2
19.208078,0.28662154,chain_2
29.711218,0.3004196,chain_2
27.738848,0.36236155,chain_2
27.516027,0.26882923,chain_2
21.309095,0.3002858,chain_2
20.114592,0.37004396,chain_2
26.249567,0.22076105,chain_2
28.8644,0.41035482,chain_2
28.417685,0.46047124,chain_2
23.167902,0.2820996,chain_2
17.588045,0.37865996,chain_2
28.164484,0.38942474,chain_2
17.398119,0.25807455,chain_2
29.94169,0.3436324,chain_2
21.786448,0.3962045,chain_2
22.40832,0.28918546,chain_2
23.845617,0.27183366,chain_2
18.119307,0.32966536,chain_2
22.364012,0.39414236,chain_2
27.484682,0.26750553,chain_2
27.42145,0.32579997,chain_2
28.961695,0.48256648,chain_2
20.441843,0.37040493,chain_2
25.442041,0.380409,chain_2
25.272364,0.2498148,chain_2
18.41327,0.2410191,chain_2
22.68537,0.28503266,chain_2
17.880816,0.29661706,chain_2
30.40228,0.2789513,chain_2
24.241667,0.39220607,chain_2
19.633558,0.4019267,chain_2
22.801126,0.35969353,chain_2
23.932356,0.2800122,chain_2
28.321348,0.30011186,chain_2
18.387922,0.408295,chain_2
21.272482,0.39981955,chain_2
25.874907,0.23808351,chain_2
26.670832,0.23868576,chain_2
23.070848,0.20319976,chain_2
25.432085,0.40737787,chain_2
19.58389,0.20983602,chain_2
19.863562,0.3012657,chain_2
20.25083,0.278644,chain_2
18.122458,0.4175729,chain_2
29.633848,0.31981966,chain_2
18.97341,0.42202023,chain_2
23.947573,0.24238996,chain_2
21.614199,0.3815258,chain_2
18.257853,0.3979218,chain_2
29.323156,0.33580303,chain_2
27.636446,0.29423085,chain_2
23.282686,0.3341403,chain_2
26.91471,0.32209954,chain_2
17.017187,0.33643577,chain_2
20.998014,0.26108748,chain_2
20.889112,0.2847437,chain_2
28.314985,0.27317408,chain_2
17.514647,0.40077668,chain_2
27.787958,0.26387325,chain_2
22.694643,0.32495666,chain_2
16.66905,0.3382015,chain_2
23.234568,0.43870616,chain_2
17.838343,0.21487688,chain_2
30.310553,0.4182081,chain_2
16.730513,0.2594719,chain_2
28.069277,0.3631095,chain_2
25.921698,0.2795103,chain_2
27.238531,0.40311372,chain_2
20.9092,0.21325524,chain_2
28.241095,0.30133173,chain_2
22.929514,0.32097274,chain_2
23.140139,0.22362058,chain_2
28.605562,0.31720737,chain_2
22.773146,0.114849,chain_2
25.844072,0.3179129,chain_2
29.4443,0.38100484,chain_2
29.731909,0.4138257,chain_2
23.567678,0.38599142,chain_2
19.536268,0.3647233,chain_2
21.595602,0.22468308,chain_2
24.32461,0.21752277,chain_2
20.372587,0.20900509,chain_2
27.87633,0.45985553,chain_2
16.714018,0.38143656,chain_2
19.919828,0.2478552,chain_2
30.52759,0.2941652,chain_2
21.016005,0.39937934,chain_2
19.647856,0.19016463,chain_2
27.343279,0.28507307,chain_2
19.681055,0.24044946,chain_2
27.506254,0.38857883,chain_2
20.346075,0.26033878,chain_2
20.485327,0.4432186,chain_2
22.781374,0.36332554,chain_2
17.57921,0.2900262,chain_2
19.34302,0.38164383,chain_2
20.557955,0.31306815,chain_2
23.955324,0.24859934,chain_2
20.611189,0.17314954,chain_2
25.753313,0.24577451,chain_2
20.88193,0.33484313,chain_2
19.158438,0.28274223,chain_2
20.439184,0.30840886,chain_2
17.570105,0.41152677,chain_2
29.475931,0.24597862,chain_2
29.683916,0.33112767,chain_2
21.863039,0.31009924,chain_2
24.743979,0.3391949,chain_2
27.344751,0.21988115,chain_2
18.215067,0.2771694,chain_2
26.751032,0.22805585,chain_2
29.90722,0.3447971,chain_2
19.016268,0.2852914,chain_2
19.102068,0.34445766,chain_2
17.020365,0.33508718,chain_2
22.6468,0.29492044,chain_2
17.195086,0.22926462,chain_2
20.057611,0.43833897,chain_2
29.812605,0.21730542,chain_2
21.435575,0.51379466,chain_2
26.013304,0.22772281,chain_2
23.910696,0.20951194,chain_2
21.675024,0.38152084,chain_2
18.475786,0.43164214,chain_2
29.812315,0.22800998,chain_2
23.047503,0.38266692,chain_2
24.262728,0.27194807,chain_2
28.114592,0.36651838,chain_2
27.60652,0.2107399,chain_2
28.286428,0.2927279,chain_2
24.180803,0.21834618,chain_2
30.288843,0.19911946,chain_2
30.067999,0.21670529,chain_2
16.760553,0.32033756,chain_2
23.996489,0.32099447,chain_2
22.658216,0.26753023,chain_2
25.777658,0.2711141,chain_2
20.2778,0.22436929,chain_2
26.729609,0.2721466,chain_2
24.784857,0.28773633,chain_2
18.263971,0.25270444,chain_2
17.23224,0.33472085,chain_2
24.226831,0.17509463,chain_2
24.223516,0.38986176,chain_2
26.274035,0.29389802,chain_2
21.13215,0.21233195,chain_2
22.557993,0.18562843,chain_2
22.560812,0.27474144,chain_2
21.578478,0.44931522,chain_2
26.988924,0.17341128,chain_2
24.592302,0.41316822,chain_2
29.609991,0.39001784,chain_2
24.070566,0.30118668,chain_2
21.104158,0.3938101,chain_2
20.642889,0.39543054,chain_2
28.852896,0.20474699,chain_2
22.096617,0.40092927,chain_2
21.846712,0.27506807,chain_2
20.00516,0.45489565,chain_2
22.220293,0.29895976,chain_2
20.026693,0.29203528,chain_2
25.211512,0.3689088,chain_2
23.563654,0.31200647,chain_2
28.938093,0.28249362,chain_2
17.55593,0.42161188,chain_2
30.333841,0.4042889,chain_2
25.301123,0.40053222,chain_2
20.863672,0.28829074,chain_2
18.112322,0.3721881,chain_2
25.870058,0.23347904,chain_2
20.735785,0.25280872,chain_2
19.147299,0.40341458,chain_2
22.283083,0.3970019,chain_2
21.835081,0.3170994,chain_2
18.718908,0.3018189,chain_2
22.005648,0.39477596,chain_2
19.810522,0.40849924,chain_2
21.11651,0.3145714,chain_2
29.207159,0.3864814,chain_2
18.687223,0.36497363,chain_2
19.955889,0.26404023,chain_2
19.96668,0.30293462,chain_2
22.79893,0.29395768,chain_2
26.32664,0.46131632,chain_2
26.211565,0.36213005,chain_2
25.188543,0.3406948,chain_2
19.937902,0.23210168,chain_2
29.53005,0.26816958,chain_2
22.81861,0.38973206,chain_2
24.553125,0.3491893,chain_2
17.05916,0.37089267,chain_2
18.473032,0.4209888,chain_2
18.441038,0.38311407,chain_2
21.369543,0.43102756,chain_2
17.769865,0.26057714,chain_2
17.725931,0.24942903,chain_2
16.959688,0.28462744,chain_2
23.05018,0.21199954,chain_2
20.10618,0.24654353,chain_2
25.201452,0.24120279,chain_2
21.82717,0.4104248,chain_2
17.069002,0.24384713,chain_2
18.748407,0.40718642,chain_2
25.477655,0.34972268,chain_2
24.961248,0.54181886,chain_2
22.830935,0.21776432,chain_2
24.87512,0.21628962,chain_2
21.165514,0.36953032,chain_2
29.205408,0.18466352,chain_2
28.580389,0.41823378,chain_2
28.770891,0.42334193,chain_2
25.90225,0.36858878,chain_2
28.97745,0.30987704,chain_2
25.292646,0.19154559,chain_2
25.345278,0.28110686,chain_2
23.697737,0.28586605,chain_2
20.332823,0.44505653,chain_2
24.071115,0.38878277,chain_2
22.986422,0.41017714,chain_2
21.24539,0.34115687,chain_2
28.236525,0.17065206,chain_2
20.815115,0.24533583,chain_2
17.135458,0.42671347,chain_2
21.823004,0.39635932,chain_2
24.173326,0.2716325,chain_2
23.357573,0.3657992,chain_2
22.481558,0.2989539,chain_2
18.418913,0.41275847,chain_2
16.889212,0.2948017,chain_2
20.922148,0.35266763,chain_2
17.230467,0.286984,chain_2
28.146269,0.26874354,chain_2
29.066614,0.34448028,chain_2
21.11614,0.44229242,chain_2
29.174807,0.36074516,chain_2
22.123556,0.388516,chain_2
29.992628,0.25658962,chain_2
19.286406,0.30982116,chain_2
25.209803,0.2178097,chain_2
27.837187,0.17530017,chain_2
20.465487,0.26556218,chain_2
16.890318,0.36602968,chain_2
24.482027,0.38600188,chain_2
21.807024,0.3819347,chain_2
16.94568,0.23125069,chain_2
28.378607,0.18695383,chain_2
23.737082,0.4287237,chain_2
28.98837,0.33877045,chain_2
27.167147,0.32494017,chain_2
24.026392,0.31928474,chain_2
24.227808,0.2192099,chain_2
30.040648,0.20149127,chain_2
20.39805,0.36096033,chain_2
25.594736,0.23665299,chain_2
29.964334,0.30762672,chain_2
29.906069,0.15603432,chain_2
23.636957,0.17984754,chain_2
24.449251,0.4028355,chain_2
30.581373,0.32875,chain_2
29.53882,0.24895097,chain_2
19.50883,0.36037582,chain_2
29.426088,0.41580316,chain_2
25.914064,0.22907767,chain_2
18.813482,0.31069624,chain_2
28.20659,0.3684247,chain_2
25.685457,0.28729284,chain_2
27.22523,0.31948656,chain_2
27.580091,0.4776933,chain_2
23.973848,0.25531086,chain_2
20.47732,0.35160694,chain_2
23.308577,0.2277177,chain_2
30.642145,0.30397266,chain_2
25.027948,0.25234067,chain_2
18.18522,0.37483004,chain_2
24.448515,0.32155648,chain_2
27.821684,0.40563408,chain_2
21.775076,0.3633889,chain_2
26.970049,0.13546088,chain_2
26.121016,0.3460042,chain_2
30.104181,0.44969153,chain_2
20.823435,0.28136426,chain_2
17.102644,0.3573739,chain_2
23.806288,0.3052184,chain_2
28.005178,0.35885903,chain_2
23.197886,0.40843317,chain_2
19.519377,0.3655796,chain_2
26.22267,0.33424184,chain_2
20.184317,0.2366192,chain_2
27.367548,0.15154351,chain_2
18.61627,0.42287835,chain_2
17.047743,0.41620943,chain_2
18.83211,0.23201308,chain_2
26.96247,0.33301306,chain_2
29.03314,0.4949495,chain_2
25.264013,0.49812546,chain_2
20.981989,0.18347579,chain_2
22.558748,0.33843312,chain_2
24.36133,0.35623527,chain_2
28.775255,0.34138232,chain_2
22.785627,0.31938723,chain_2
30.550707,0.24750823,chain_2
27.051008,0.2633462,chain_2
17.131544,0.26044253,chain_2
19.806517,0.38287047,chain_2
28.802835,0.3369004,chain_2
19.831457,0.2404109,chain_2
18.045809,0.16892043,chain_2
26.72899,0.3173396,chain_2
30.728308,0.386283,chain_2
27.833487,0.352723,chain_2
17.110624,0.24349385,chain_2
25.666819,0.33562055,chain_2
20.67026,0.21445794,chain_2
30.078352,0.21354303,chain_2
22.304285,0.19933613,chain_2
30.312475,0.4354403,chain_2
22.512403,0.1992175,chain_2
21.888674,0.2850314,chain_2
27.44501,0.29348212,chain_2
18.358984,0.31493628,chain_2
25.658823,0.45312372,chain_2
30.41379,0.3054693,chain_2
21.360731,0.3140093,chain_2
27.134893,0.31812537,chain_2
18.520895,0.3207371,chain_2
21.268084,0.23062138,chain_2
18.917555,0.42975163,chain_2
30.264303,0.22356343,chain_2
24.833757,0.38848734,chain_2
28.517637,0.23865205,chain_2
25.691729,0.15600003,chain_2
21.217714,0.40227127,chain_2
25.077677,0.28192776,chain_2
27.468615,0.20890397,chain_2
19.940992,0.24711257,chain_2
18.727179,0.3330889,chain_2
23.332045,0.224623,chain_2
28.829172,0.24739985,chain_2
25.009554,0.35383517,chain_2
29.708971,0.25139648,chain_2
17.757402,0.31906405,chain_2
26.098024,0.23372474,chain_2
22.972784,0.41012743,chain_2
26.279467,0.36299086,chain_2
22.175955,0.2820557,chain_2
25.584146,0.3850905,chain_2
24.305647,0.266973,chain_2
25.034872,0.30763602,chain_2
24.803404,0.35518605,chain_2
22.828001,0.29610372,chain_2
24.353754,0.36633748,chain_2
19.282816,0.45843518,chain_2
16.763662,0.30915755,chain_2
27.162764,0.26558095,chain_2
30.019503,0.29972842,chain_2
22.856493,0.44529057,chain_2
17.635645,0.2764625,chain_2
20.896223,0.43318462,chain_2
19.333437,0.2726244,chain_2
17.88354,0.47767407,chain_2
21.385191,0.36954618,chain_2
21.840647,0.22896738,chain_2
18.855875,0.23565565,chain_2
19.463976,0.18217266,chain_2
23.326689,0.38574734,chain_2
21.704721,0.34125414,chain_2
27.510752,0.21044911,chain_2
26.65795,0.29022506,chain_2
22.397528,0.38757825,chain_2
30.474203,0.3251398,chain_2
24.470934,0.2950339,chain_2
26.780348,0.27198693,chain_2
19.524187,0.40852675,chain_2
19.383337,0.54610026,chain_2
17.06365,0.41470575,chain_2
23.064032,0.2867689,chain_2
28.110792,0.350064,chain_2
21.34213,0.19999367,chain_2
22.644976,0.23098971,chain_2
20.09094,0.30631715,chain_2
22.553217,0.33921352,chain_2
20.838144,0.2786421,chain_2
23.590956,0.25874874,chain_2
22.92161,0.46241188,chain_2
21.239702,0.44317105,chain_2
22.449541,0.29655346,chain_2
17.188765,0.2264534,chain_2
23.679579,0.5004017,chain_2
19.96173,0.3787595,chain_2
21.561026,0.29173884,chain_2
28.318651,0.38526374,chain_2
19.142324,0.40320602,chain_2
20.523321,0.33272517,chain_2
18.079062,0.44124013,chain_2
25.395498,0.38160086,chain_2
18.281855,0.36183482,chain_2
28.409002,0.35659856,chain_2
25.587595,0.2784562,chain_2
29.140417,0.49802855,chain_2
22.46633,0.1699377,chain_2
23.514791,0.3968452,chain_2
21.824183,0.38145104,chain_2
25.984755,0.30906248,chain_2
16.83978,0.34643063,chain_2
16.649576,0.20361376,chain_2
27.743753,0.30526468,chain_2
24.269964,0.33585373,chain_2
23.142012,0.29829866,chain_2
28.139639,0.41504166,chain_2
24.218729,0.504783,chain_2
19.546022,0.53426605,chain_2
21.809462,0.37269214,chain_2
29.665945,0.5123792,chain_2
25.417776,0.250417,chain_2
25.498835,0.3127309,chain_2
19.460878,0.42469704,chain_2
20.48657,0.5235484,chain_2
26.430826,0.23728403,chain_2
29.666815,0.34492645,chain_2
28.550234,0.36318895,chain_2
29.572,0.31924486,chain_2
25.030397,0.18909307,chain_2
25.624807,0.16953668,chain_2
29.946974,0.424119,chain_2
27.2152,0.18346609,chain_2
17.375711,0.2842424,chain_2
25.695192,0.22113828,chain_2
21.350306,0.2536727,chain_2
24.035181,0.2774913,chain_2
28.542753,0.28898942,chain_2
24.23921,0.15170708,chain_2
29.930548,0.32281557,chain_2
28.837664,0.34462163,chain_2
19.625715,0.32914898,chain_2
25.825563,0.43224904,chain_2
28.40471,0.41903874,chain_2
24.521338,0.24160391,chain_2
29.6048,0.3968914,chain_2
18.587736,0.3461377,chain_2
18.417196,0.40144613,chain_2
29.57213,0.27970824,chain_2
21.487635,0.2951563,chain_2
17.553072,0.3041113,chain_2
23.662367,0.18436362,chain_2
18.452265,0.31263423,chain_2
23.153028,0.32284373,chain_2
24.319506,0.19575359,chain_2
24.225805,0.32637292,chain_2
19.79973,0.36389175,chain_2
21.856726,0.3012203,chain_2
26.551413,0.30122432,chain_2
29.88788,0.32654962,chain_2
20.402853,0.4271017,chain_2
30.75847,0.28179,chain_2
28.313627,0.51998824,chain_2
19.095293,0.2641247,chain_2
18.706469,0.42470023,chain_2
21.73295,0.36125278,chain_2
17.92599,0.41127324,chain_2
24.198229,0.47122142,chain_2
26.953218,0.24677067,chain_2
19.857512,0.3783064,chain_2
19.248251,0.3616341,chain_2
25.962156,0.36842927,chain_2
25.582575,0.24462463,chain_2
24.00797,0.38734153,chain_2
29.9782,0.3539927,chain_2
22.697283,0.3000388,chain_2
16.831251,0.30014881,chain_2
29.8075,0.24248889,chain_2
26.686438,0.26488823,chain_2
23.391348,0.32904524,chain_2
21.107748,0.3971522,chain_2
17.173883,0.33394,chain_2
26.352774,0.33862457,chain_2
17.122,0.3091252,chain_2
27.817068,0.3803609,chain_2
27.69584,0.27356467,chain_2
28.819471,0.4886545,chain_2
30.761923,0.3009001,chain_2
26.877,0.16939345,chain_2
24.721601,0.2657987,chain_2
25.869593,0.2345037,chain_2
17.17026,0.25090626,chain_2
28.707483,0.30736044,chain_2
29.876612,0.26052755,chain_2
30.194017,0.38772222,chain_2
19.324797,0.31170312,chain_2
28.713037,0.36915004,chain_2
30.293283,0.28071892,chain_2
27.981153,0.27124846,chain_2
18.212008,0.3327968,chain_2
27.275763,0.31103873,chain_2
30.578238,0.18367304,chain_2
23.347563,0.3352899,chain_2
28.39247,0.4347483,chain_2
17.274408,0.2013713,chain_2
18.682379,0.25046706,chain_2
22.444704,0.27466103,chain_2
28.33032,0.3526238,chain_2
21.686205,0.20641153,chain_2
26.782587,0.34574986,chain_2
26.647402,0.21512148,chain_2
26.748747,0.32672638,chain_2
27.890112,0.33235976,chain_2
17.252115,0.36027578,chain_2
25.943491,0.28780416,chain_2
22.3561,0.17586511,chain_2
21.617006,0.38632727,chain_2
26.745672,0.26231122,chain_2
21.074492,0.44053194,chain_2
17.417929,0.14491484,chain_2
28.993517,0.23496087,chain_2
30.759233,0.37418303,chain_2
30.580645,0.3569121,chain_2
28.800745,0.23458526,chain_2
28.807371,0.23648845,chain_2
20.454523,0.35323942,chain_2
16.781622,0.38268286,chain_2
26.525915,0.34050012,chain_2
18.525854,0.31884196,chain_2
24.004347,0.1927764,chain_2
25.118925,0.19516657,chain_2
17.729692,0.4305068,chain_2
24.767065,0.29274678,chain_2
23.107847,0.2568437,chain_2
28.463144,0.37815267,chain_2
17.601347,0.47307202,chain_2
24.8529,0.34850043,chain_2
25.408865,0.44318122,chain_2
21.393316,0.21050455,chain_2
17.860044,0.29261762,chain_2
20.855112,0.31662232,chain_2
28.89155,0.37506458,chain_2
27.587404,0.25904477,chain_2
16.974382,0.28298908,chain_2
27.53264,0.22988527,chain_2
22.536753,0.319793,chain_2
27.088457,0.50067514,chain_2
21.935724,0.3575251,chain_2
19.045801,0.26952884,chain_2
21.36001,0.21884431,chain_2
27.40116,0.39393243,chain_2
28.447172,0.3381154,chain_2
22.54196,0.22546723,chain_2
28.154062,0.32060406,chain_2
28.165083,0.4570791,chain_2
19.465261,0.2795493,chain_2
18.311586,0.24109863,chain_2
18.393042,0.3167272,chain_2
23.578062,0.4476959,chain_2
30.185888,0.2459804,chain_2
29.180449,0.24608508,chain_2
25.863008,0.26638493,chain_2
18.659975,0.54524505,chain_2
19.207151,0.36814106,chain_2
17.515688,0.22686219,chain_2
26.506926,0.2917299,chain_2
19.152727,0.5444165,chain_2
19.974257,0.38037953,chain_2
18.742239,0.3231669,chain_2
22.680593,0.24582581,chain_2
16.885729,0.26804897,chain_2
17.420275,0.34187084,chain_2
22.884016,0.35188913,chain_2
25.05683,0.25887302,chain_2
25.578382,0.1667689,chain_2
22.00926,0.33691484,chain_2
28.139479,0.27917898,chain_2
19.019732,0.44840443,chain_2
26.272299,0.322881,chain_2
22.876673,0.17083769,chain_2
22.136477,0.24487053,chain_2
19.560041,0.23718962,chain_2
18.421553,0.43938258,chain_2
17.10578,0.27442592,chain_2
24.440504,0.14543492,chain_2
23.716784,0.2753967,chain_2
28.96018,0.32437167,chain_2
28.631212,0.26754913,chain_2
28.510992,0.22769228,chain_2
27.453012,0.21003765,chain_2
18.591932,0.23589914,chain_2
17.67071,0.283308,chain_2
20.051332,0.3823645,chain_2
16.730242,0.38413808,chain_2
24.176065,0.3114649,chain_2
21.163988,0.42495808,chain_2
28.155691,0.37561613,chain_2
28.620516,0.25433922,chain_2
29.786367,0.30249068,chain_2
19.067602,0.32152334,chain_2
19.194181,0.24837857,chain_2
25.339037,0.29010868,chain_2
24.334764,0.37151188,chain_2
25.971899,0.27235648,chain_2
27.817461,0.36601138,chain_2
29.236849,0.2622774,chain_2
17.86094,0.5337828,chain_2
16.838938,0.4804676,chain_2
24.256517,0.5933019,chain_2
29.834887,0.4239586,chain_2
25.528936,0.26667884,chain_2
24.04613,0.4019373,chain_2
29.680235,0.31573528,chain_2
26.94937,0.26194984,chain_2
21.38281,0.2923605,chain_2
26.73812,0.33771545,chain_2
24.852251,0.29434505,chain_2
26.720411,0.24929643,chain_2
23.970568,0.36253324,chain_2
23.565844,0.30507922,chain_2
18.864817,0.18964708,chain_2
25.1174,0.33304912,chain_2
17.126852,0.26519173,chain_2
24.60995,0.26946938,chain_2
21.743727,0.26279634,chain_2
27.883726,0.2976899,chain_2
29.75149,0.33516964,chain_2
17.480436,0.30562335,chain_2
17.950953,0.2768912,chain_2
17.155687,0.21780936,chain_2
19.930151,0.30567065,chain_2
20.092085,0.32133418,chain_2
24.838316,0.2806627,chain_2
24.496145,0.25499165,chain_2
27.646788,0.22049889,chain_2
22.88186,0.2162141,chain_2
22.902884,0.2600281,chain_2
18.07097,0.23825976,chain_2
18.839308,0.3613151,chain_2
28.32775,0.2857959,chain_2
25.75551,0.2642974,chain_2
17.72022,0.30145282,chain_2
25.779673,0.31784567,chain_2
24.740248,0.22400074,chain_2
17.61616,0.30181512,chain_2
22.77936,0.35174817,chain_2
22.454222,0.3054995,chain_2
29.465292,0.36778298,chain_2
26.043642,0.3533134,chain_2
23.201525,0.36302093,chain_2
27.691324,0.2974163,chain_2
18.035246,0.24953645,chain_2
18.751127,0.27070677,chain_2
17.828226,0.24521175,chain_2
29.346937,0.28288212,chain_2
27.774439,0.27289882,chain_2
28.775667,0.27052155,chain_3
22.053644,0.20192052,chain_3
23.310179,0.2742821,chain_3
16.896776,0.31654984,chain_3
23.017221,0.3442192,chain_3
28.93287,0.38950816,chain_3
21.895678,0.36836976,chain_3
28.125345,0.5109157,chain_3
21.393343,0.2811947,chain_3
30.30403,0.31174195,chain_3
24.125448,0.20826074,chain_3
17.08415,0.2412753,chain_3
24.662996,0.19629148,chain_3
23.571383,0.32910123,chain_3
30.140726,0.2617852,chain_3
22.331972,0.25116584,chain_3
22.808393,0.38204095,chain_3
28.570623,0.2404284,chain_3
26.3337,0.26866698,chain_3
25.45936,0.386989,chain_3
17.619902,0.38630173,chain_3
25.89176,0.33062622,chain_3
30.67172,0.2887752,chain_3
22.625494,0.48917156,chain_3
18.42555,0.32115638,chain_3
26.26105,0.5196588,chain_3
20.499166,0.25394404,chain_3
27.816584,0.3155908,chain_3
23.60866,0.41154325,chain_3
27.022783,0.35343528,chain_3
20.015432,0.37359425,chain_3
19.462164,0.38570502,chain_3
26.327585,0.3711406,chain_3
23.487772,0.24901348,chain_3
23.556467,0.39882854,chain_3
16.714762,0.36462638,chain_3
21.46293,0.36861026,chain_3
28.03034,0.21808502,chain_3
16.899603,0.1899926,chain_3
23.948217,0.4090024,chain_3
17.245478,0.37472814,chain_3
25.593592,0.24664095,chain_3
25.6257,0.3520465,chain_3
25.770212,0.37437534,chain_3
25.549505,0.35964113,chain_3
30.618872,0.3349625,chain_3
21.8616,0.31936914,chain_3
18.294577,0.17771417,chain_3
19.430887,0.2547622,chain_3
22.03911,0.3028165,chain_3
29.949705,0.2795319,chain_3
25.793135,0.28101742,chain_3
19.703611,0.32824373,chain_3
24.758295,0.28794459,chain_3
26.258505,0.41125166,chain_3
18.27764,0.52127,chain_3
22.60906,0.42020643,chain_3
23.746778,0.237306,chain_3
28.088446,0.40605083,chain_3
25.894995,0.3762756,chain_3
23.068335,0.37241727,chain_3
25.843756,0.36120483,chain_3
29.558199,0.282854,chain_3
19.94901,0.35739744,chain_3
24.06745,0.29297006,chain_3
28.129122,0.3202381,chain_3
28.147757,0.30416757,chain_3
20.9372,0.2987799,chain_3
18.451464,0.16668358,chain_3
21.616041,0.34667856,chain_3
16.849771,0.2969617,chain_3
25.407568,0.3386985,chain_3
28.881662,0.3566318,chain_3
19.596476,0.27538046,chain_3
27.515917,0.21812525,chain_3
23.162455,0.34565723,chain_3
29.041742,0.22746092,chain_3
18.993334,0.24216484,chain_3
19.070227,0.37072453,chain_3
23.463438,0.35671732,chain_3
29.031897,0.42097792,chain_3
29.522413,0.3341544,chain_3
29.357328,0.6438857,chain_3
30.58143,0.47868934,chain_3
19.49352,0.47148323,chain_3
18.638853,0.24912998,chain_3
20.543962,0.48899388,chain_3
26.381338,0.2497,chain_3
23.061697,0.26869017,chain_3
17.298681,0.2049996,chain_3
19.451998,0.25335577,chain_3
25.319414,0.37604,chain_3
27.97246,0.37651387,chain_3
18.51777,0.22043408,chain_3
27.231344,0.3259902,chain_3
25.368982,0.22473255,chain_3
22.763197,0.19405052,chain_3
25.648222,0.38478336,chain_3
21.345942,0.34749255,chain_3
21.57842,0.25983188,chain_3
22.00965,0.41122085,chain_3
20.32255,0.3433612,chain_3
25.253992,0.39101136,chain_3
26.804419,0.23596987,chain_3
22.012857,0.3202724,chain_3
20.881914,0.19200088,chain_3
22.446737,0.40338156,chain_3
17.443293,0.26824835,chain_3
27.28958,0.22424038,chain_3
28.009184,0.20138809,chain_3
18.445204,0.427955,chain_3
27.05227,0.2343555,chain_3
27.528189,0.3751157,chain_3
19.122889,0.29623425,chain_3
25.435831,0.4691164,chain_3
24.478266,0.33497697,chain_3
25.404844,0.37018186,chain_3
18.86366,0.3074312,chain_3
20.901705,0.21514419,chain_3
28.72096,0.24348845,chain_3
28.01135,0.27338856,chain_3
20.71356,0.24970022,chain_3
26.42412,0.27199036,chain_3
16.849283,0.229909,chain_3
24.242735,0.3248077,chain_3
23.95812,0.24607953,chain_3
21.84736,0.31450763,chain_3
21.286348,0.39863595,chain_3
20.395864,0.28337795,chain_3
28.091887,0.36993682,chain_3
25.338354,0.26717934,chain_3
27.111235,0.30089024,chain_3
26.106367,0.34337646,chain_3
28.570734,0.3339538,chain_3
29.991385,0.25416324,chain_3
17.352007,0.42232513,chain_3
20.891954,0.28179073,chain_3
29.15011,0.28487846,chain_3
29.632627,0.3382712,chain_3
30.241114,0.4204279,chain_3
23.823729,0.47129405,chain_3
21.52019,0.28334892,chain_3
29.61783,0.3145033,chain_3
30.571878,0.33293167,chain_3
29.908754,0.30242038,chain_3
21.715544,0.33987948,chain_3
29.656855,0.31870586,chain_3
22.709368,0.2442735,chain_3
24.663568,0.31191486,chain_3
25.393045,0.25283176,chain_3
19.132044,0.336365,chain_3
24.875551,0.206436,chain_3
29.45122,0.26689047,chain_3
17.650183,0.21777901,chain_3
21.771513,0.3857027,chain_3
20.601381,0.36855233,chain_3
25.96485,0.21887775,chain_3
30.439165,0.306683,chain_3
28.802588,0.45221168,chain_3
25.735865,0.3042613,chain_3
20.392073,0.28526652,chain_3
19.37005,0.33508518,chain_3
22.08269,0.40901697,chain_3
18.099207,0.2816215,chain_3
27.627516,0.26448244,chain_3
28.55219,0.30362603,chain_3
26.577559,0.33596167,chain_3
22.642351,0.27574047,chain_3
22.068525,0.38412946,chain_3
21.217615,0.26466784,chain_3
16.71226,0.45142332,chain_3
20.366903,0.24761775,chain_3
19.725271,0.26793146,chain_3
17.683035,0.31332284,chain_3
27.809412,0.37175128,chain_3
20.467909,0.3921715,chain_3
29.30161,0.15770845,chain_3
30.419924,0.2809745,chain_3
25.299551,0.36387664,chain_3
21.216837,0.4268607,chain_3
26.615297,0.22975488,chain_3
26.565023,0.2154415,chain_3
29.738867,0.46577463,chain_3
22.24565,0.2603103,chain_3
30.441751,0.3698601,chain_3
26.356394,0.23670915,chain_3
29.0059,0.6603025,chain_3
20.096209,0.2140758,chain_3
20.041403,0.3476716,chain_3
28.671827,0.2734631,chain_3
29.06486,0.25922546,chain_3
29.02371,0.3487308,chain_3
18.62963,0.27058932,chain_3
28.380663,0.42566273,chain_3
21.433237,0.39781857,chain_3
19.897501,0.3407593,chain_3
22.899137,0.33131078,chain_3
27.886854,0.3017999,chain_3
24.193743,0.33436903,chain_3
19.833525,0.5958924,chain_3
19.325422,0.25933918,chain_3
17.851347,0.23003258,chain_3
23.918253,0.39930996,chain_3
23.720545,0.17955856,chain_3
24.610544,0.4041965,chain_3
20.605238,0.37293467,chain_3
22.578352,0.28880242,chain_3
19.11511,0.2618024,chain_3
20.605738,0.302411,chain_3
17.059843,0.30374706,chain_3
24.32001,0.24939553,chain_3
26.734194,0.21168578,chain_3
20.449385,0.19039524,chain_3
26.869757,0.3217249,chain_3
28.259867,0.30542445,chain_3
19.791548,0.5405982,chain_3
24.822481,0.5130849,chain_3
27.196592,0.15326832,chain_3
24.761717,0.46220428,chain_3
21.170637,0.27817696,chain_3
24.54194,0.43659565,chain_3
30.137278,0.3911562,chain_3
27.869658,0.31758878,chain_3
30.139181,0.32995498,chain_3
28.2716,0.43449304,chain_3
22.640814,0.18237516,chain_3
23.34271,0.35234413,chain_3
30.623217,0.32434577,chain_3
25.081087,0.26378396,chain_3
26.411959,0.39799488,chain_3
25.87253,0.24506548,chain_3
23.657492,0.3344831,chain_3
24.878218,0.30488124,chain_3
23.10097,0.3014456,chain_3
26.791658,0.39038584,chain_3
18.952219,0.22894444,chain_3
23.752344,0.3031123,chain_3
17.701303,0.1664373,chain_3
30.11482,0.1891417,chain_3
27.31936,0.2568617,chain_3
17.04333,0.42587382,chain_3
20.401709,0.41112304,chain_3
20.62409,0.28321958,chain_3
29.9704,0.27431536,chain_3
28.770296,0.39024943,chain_3
26.83737,0.32162622,chain_3
19.267076,0.3947375,chain_3
22.87932,0.29712945,chain_3
23.753386,0.4043219,chain_3
18.168047,0.13688591,chain_3
16.668413,0.38610256,chain_3
19.787157,0.25740847,chain_3
28.393435,0.32244623,chain_3
21.644156,0.2424086,chain_3
23.015139,0.37486324,chain_3
24.616331,0.33926657,chain_3
30.009531,0.3683726,chain_3
26.47692,0.21321014,chain_3
22.42628,0.4395073,chain_3
25.069292,0.20630485,chain_3
19.632532,0.4556017,chain_3
20.463854,0.34834218,chain_3
20.19475,0.4722335,chain_3
18.181479,0.20060965,chain_3
18.326532,0.4484802,chain_3
28.328123,0.22300668,chain_3
18.39073,0.41437244,chain_3
17.527166,0.33361992,chain_3
28.78419,0.2417542,chain_3
24.577372,0.35829464,chain_3
21.029978,0.12429487,chain_3
29.609999,0.22326575,chain_3
17.03639,0.3566138,chain_3
17.264433,0.2708063,chain_3
16.818983,0.17983696,chain_3
22.224447,0.49255925,chain_3
29.373838,0.305998,chain_3
30.21242,0.33480865,chain_3
24.040442,0.25520143,chain_3
24.3369,0.25272867,chain_3
22.332098,0.22435342,chain_3
27.336573,0.4574165,chain_3
21.423975,0.50485253,chain_3
25.540712,0.32877755,chain_3
29.628145,0.40100154,chain_3
18.127588,0.40420535,chain_3
26.999418,0.32294226,chain_3
24.617483,0.32485017,chain_3
21.963491,0.3235063,chain_3
23.075342,0.30900264,chain_3
20.573275,0.31344295,chain_3
26.876352,0.27143276,chain_3
28.600168,0.3540687,chain_3
28.160097,0.2698698,chain_3
24.093367,0.23776102,chain_3
30.527845,0.38207704,chain_3
29.759932,0.3052765,chain_3
19.38936,0.33739448,chain_3
30.022985,0.37570623,chain_3
28.466116,0.35948732,chain_3
29.506681,0.39059725,chain_3
23.607332,0.26124978,chain_3
19.091494,0.29312766,chain_3
22.323702,0.22839817,chain_3
23.388231,0.3161442,chain_3
29.898542,0.26513708,chain_3
20.292238,0.25807643,chain_3
26.717196,0.33897856,chain_3
26.033667,0.30396906,chain_3
21.746634,0.23323658,chain_3
21.129316,0.27646822,chain_3
18.54595,0.38063928,chain_3
29.127764,0.38071027,chain_3
17.100832,0.31647834,chain_3
23.200624,0.21985309,chain_3
20.789412,0.32260874,chain_3
16.911863,0.28447044,chain_3
18.163427,0.28073293,chain_3
18.697702,0.37968865,chain_3
23.458925,0.43320656,chain_3
24.473326,0.2975546,chain_3
20.215525,0.20824124,chain_3
30.02054,0.2091508,chain_3
26.448679,0.26933905,chain_3
25.410902,0.30952048,chain_3
18.117327,0.2989992,chain_3
23.681273,0.25212517,chain_3
19.058836,0.31509346,chain_3
20.53612,0.39258516,chain_3
16.990587,0.4212141,chain_3
17.67105,0.4600438,chain_3
23.625536,0.21885209,chain_3
24.074278,0.3226122,chain_3
27.932657,0.2509446,chain_3
27.70117,0.29953676,chain_3
23.638224,0.2981772,chain_3
27.62501,0.12962851,chain_3
26.716063,0.2383777,chain_3
24.515173,0.1498693,chain_3
21.965631,0.22963488,chain_3
29.747904,0.35178655,chain_3
22.770037,0.28203246,chain_3
27.909403,0.1582205,chain_3
25.181013,0.21415511,chain_3
30.001547,0.33689314,chain_3
30.291422,0.20301594,chain_3
29.948133,0.27990085,chain_3
28.248228,0.20779985,chain_3
26.175848,0.39181817,chain_3
18.828474,0.2601799,chain_3
25.366217,0.27308962,chain_3
20.699656,0.16903216,chain_3
26.893206,0.21418037,chain_3
23.550798,0.29524067,chain_3
24.87763,0.26727748,chain_3
29.294672,0.31381327,chain_3
19.89765,0.29264975,chain_3
16.736635,0.31123576,chain_3
24.27772,0.27628154,chain_3
17.559595,0.32901755,chain_3
23.238008,0.20025769,chain_3
28.60488,0.19247867,chain_3
24.685846,0.23993735,chain_3
26.382002,0.23984212,chain_3
29.229753,0.2725578,chain_3
25.458982,0.24174869,chain_3
24.861372,0.19506468,chain_3
25.116705,0.33594167,chain_3
30.657053,0.22159706,chain_3
17.307383,0.37096,chain_3
23.60922,0.21635392,chain_3
22.042147,0.420499,chain_3
16.905062,0.19211754,chain_3
18.351995,0.3938724,chain_3
26.076048,0.34678507,chain_3
26.466051,0.26222095,chain_3
23.518602,0.28000858,chain_3
24.882067,0.23948455,chain_3
27.84162,0.40385002,chain_3
20.210348,0.31906003,chain_3
24.71713,0.22956903,chain_3
20.201277,0.3540595,chain_3
18.61629,0.23198219,chain_3
28.141943,0.2183183,chain_3
23.20775,0.2570575,chain_3
28.341894,0.21218419,chain_3
24.712248,0.20386341,chain_3
26.158945,0.21941549,chain_3
21.438562,0.21463913,chain_3
17.961908,0.33027405,chain_3
17.822618,0.30341116,chain_3
24.149984,0.3623312,chain_3
24.72774,0.34570867,chain_3
18.190306,0.2542708,chain_3
25.384459,0.4022502,chain_3
24.266207,0.33827797,chain_3
18.712557,0.25023016,chain_3
26.761137,0.37027082,chain_3
18.302721,0.33647087,chain_3
18.461962,0.37182686,chain_3
19.861174,0.42554045,chain_3
24.838907,0.33325645,chain_3
17.780725,0.37398845,chain_3
18.660196,0.24313413,chain_3
24.592928,0.21265669,chain_3
26.513083,0.22608605,chain_3
24.648317,0.40742552,chain_3
18.450315,0.3625888,chain_3
16.78404,0.29545933,chain_3
17.0455,0.33178014,chain_3
17.628763,0.19468342,chain_3
24.765299,0.19170861,chain_3
21.220728,0.26939383,chain_3
28.204733,0.25127628,chain_3
29.813429,0.4751532,chain_3
24.169249,0.23935232,chain_3
28.349672,0.31320596,chain_3
25.381018,0.53098667,chain_3
17.01311,0.29386318,chain_3
27.513746,0.180646,chain_3
21.766237,0.3398897,chain_3
24.134169,0.21778126,chain_3
21.88381,0.3323293,chain_3
17.617468,0.34192735,chain_3
29.751467,0.21138579,chain_3
21.508768,0.42997536,chain_3
18.97021,0.3504286,chain_3
28.35433,0.27116787,chain_3
25.48569,0.16224748,chain_3
29.79962,0.22357515,chain_3
26.6794,0.6050044,chain_3
17.118837,0.2949248,chain_3
22.00728,0.33874953,chain_3
24.346647,0.29359663,chain_3
17.854208,0.24659541,chain_3
25.594774,0.19847198,chain_3
26.733385,0.21487768,chain_3
25.37639,0.31671152,chain_3
30.226706,0.2961142,chain_3
20.36934,0.2948166,chain_3
21.869844,0.3194082,chain_3
19.147585,0.36110386,chain_3
17.125494,0.29604092,chain_3
23.328398,0.3052141,chain_3
23.760866,0.16499671,chain_3
25.48646,0.57079893,chain_3
19.015783,0.5185301,chain_3
26.679403,0.3940611,chain_3
17.13251,0.2790364,chain_3
23.447157,0.3548426,chain_3
19.649633,0.14886725,chain_3
19.482733,0.43196106,chain_3
27.53377,0.43103397,chain_3
29.712404,0.29898548,chain_3
28.8356,0.39906034,chain_3
25.929419,0.28853545,chain_3
21.372396,0.642033,chain_3
26.078318,0.3651171,chain_3
30.002356,0.31866232,chain_3
26.749296,0.26158482,chain_3
27.96961,0.3806935,chain_3
28.318316,0.28523526,chain_3
28.458143,0.35426766,chain_3
30.063349,0.30107492,chain_3
23.72793,0.41753948,chain_3
17.493525,0.2572741,chain_3
24.380075,0.31941205,chain_3
20.374857,0.24450357,chain_3
16.672163,0.43594664,chain_3
27.253542,0.31809238,chain_3
22.97923,0.25717944,chain_3
17.522627,0.46635708,chain_3
20.013178,0.3349586,chain_3
27.250097,0.28572634,chain_3
23.46987,0.41385502,chain_3
27.106203,0.29895607,chain_3
19.391722,0.12737939,chain_3
28.38511,0.28442952,chain_3
28.674494,0.39758348,chain_3
21.70967,0.36859003,chain_3
27.82104,0.46510184,chain_3
29.507078,0.26189867,chain_3
28.902449,0.3305487,chain_3
18.570898,0.42608082,chain_3
26.941515,0.2925354,chain_3
24.585657,0.40225413,chain_3
24.273176,0.32135826,chain_3
30.70999,0.18281001,chain_3
24.48025,0.31036714,chain_3
25.45426,0.37178504,chain_3
24.799414,0.5889466,chain_3
20.47016,0.29480723,chain_3
26.9135,0.3570166,chain_3
25.85565,0.3114941,chain_3
22.016317,0.36162215,chain_3
30.102964,0.18523788,chain_3
17.964235,0.21525283,chain_3
18.777575,0.41614637,chain_3
24.277803,0.12545104,chain_3
24.283915,0.19979101,chain_3
23.592428,0.23158677,chain_3
19.072668,0.23774035,chain_3
18.371252,0.27410197,chain_3
21.45777,0.24278584,chain_3
17.191084,0.24386655,chain_3
19.34952,0.22458467,chain_3
22.66992,0.44576737,chain_3
25.122229,0.47905463,chain_3
25.092062,0.22130108,chain_3
26.644365,0.40161228,chain_3
19.644625,0.30101645,chain_3
27.428022,0.37661,chain_3
19.725965,0.41006112,chain_3
18.135298,0.30105346,chain_3
17.527132,0.3504454,chain_3
21.202826,0.2752179,chain_3
25.619368,0.22378464,chain_3
21.337862,0.24054137,chain_3
24.47758,0.3258912,chain_3
24.452333,0.264686,chain_3
19.243357,0.19164284,chain_3
26.008913,0.29819775,chain_3
24.367949,0.21635225,chain_3
20.514418,0.43098527,chain_3
17.912294,0.29954222,chain_3
17.183065,0.25393108,chain_3
19.929388,0.44402277,chain_3
21.561964,0.39000073,chain_3
22.74397,0.33323276,chain_3
20.70233,0.3291957,chain_3
30.256433,0.31350857,chain_3
17.919401,0.36460215,chain_3
24.69798,0.35768756,chain_3
28.977995,0.2521906,chain_3
22.548548,0.24535376,chain_3
21.327036,0.27590647,chain_3
25.17174,0.34875977,chain_3
30.374182,0.17448899,chain_3
27.385118,0.2994095,chain_3
29.113218,0.40053752,chain_3
25.720377,0.22160806,chain_3
26.188612,0.33770132,chain_3
19.869162,0.5656468,chain_3
18.37739,0.3799007,chain_3
22.268839,0.27587768,chain_3
25.605604,0.38194937,chain_3
25.870928,0.19465303,chain_3
24.490072,0.31150326,chain_3
27.28893,0.2426804,chain_3
20.431269,0.2649751,chain_3
30.513727,0.23270093,chain_3
24.648058,0.29042935,chain_3
22.857107,0.15997408,chain_3
24.731546,0.2949155,chain_3
20.207811,0.19924258,chain_3
26.609137,0.33209622,chain_3
18.119024,0.2758351,chain_3
17.881197,0.21042725,chain_3
27.55329,0.40353537,chain_3
25.787638,0.18766947,chain_3
23.765696,0.27594212,chain_3
18.966913,0.21752316,chain_3
29.5008,0.25580975,chain_3
19.96908,0.21018209,chain_3
18.21041,0.3405542,chain_3
30.745607,0.30170217,chain_3
30.657202,0.17691904,chain_3
23.070421,0.2474619,chain_3
24.64659,0.35759363,chain_3
18.797743,0.3581932,chain_3
26.852411,0.24740387,chain_3
24.882536,0.24363063,chain_3
20.95714,0.31343156,chain_3
26.428633,0.40208274,chain_3
26.15156,0.18501228,chain_3
20.451807,0.29706216,chain_3
20.246477,0.39975214,chain_3
19.745977,0.31586117,chain_3
19.968302,0.23487478,chain_3
19.161436,0.3168282,chain_3
25.913141,0.31397516,chain_3
17.575361,0.28956458,chain_3
17.437658,0.33811596,chain_3
28.623343,0.2945061,chain_3
25.642328,0.19308303,chain_3
27.268656,0.42277792,chain_3
20.661936,0.3125182,chain_3
24.495703,0.3847396,chain_3
17.216639,0.15709542,chain_3
18.153395,0.15736157,chain_3
20.67964,0.288489,chain_3
24.868948,0.32344723,chain_3
27.588125,0.32978335,chain_3
26.492796,0.47674483,chain_3
28.243002,0.47594884,chain_3
27.31714,0.5907282,chain_3
19.622309,0.3872907,chain_3
24.81701,0.24918269,chain_3
22.463476,0.4079042,chain_3
28.36373,0.35670462,chain_3
30.412958,0.23490983,chain_3
25.166521,0.34313312,chain_3
24.588488,0.25299656,chain_3
30.61091,0.22197329,chain_3
30.557009,0.29854962,chain_3
24.314127,0.36898494,chain_3
20.344278,0.22070238,chain_3
18.403612,0.4200431,chain_3
22.288927,0.25406003,chain_3
19.92024,0.35220626,chain_3
29.646788,0.39061037,chain_3
26.65711,0.316628,chain_3
19.892004,0.35763863,chain_3
16.975592,0.45212403,chain_3
25.745245,0.29691905,chain_3
22.768362,0.30361378,chain_3
29.059595,0.23315577,chain_3
18.880316,0.20846179,chain_3
27.592058,0.43167242,chain_3
29.724379,0.3679575,chain_3
28.361048,0.57589495,chain_3
16.95218,0.29489532,chain_3
21.453985,0.23859853,chain_3
29.155283,0.34410068,chain_3
24.346102,0.49180627,chain_3
29.37184,0.2336982,chain_3
20.856615,0.5938801,chain_3
21.700735,0.3549232,chain_3
29.590883,0.2760845,chain_3
25.910486,0.30205005,chain_3
23.781168,0.34546787,chain_3
30.337908,0.4681038,chain_3
29.959269,0.24151532,chain_3
26.389505,0.2676462,chain_3
27.910467,0.3438086,chain_3
18.479982,0.3179146,chain_3
25.876654,0.2839063,chain_3
29.439123,0.31336966,chain_3
23.263437,0.37286395,chain_3
25.886293,0.12789707,chain_3
16.894438,0.498592,chain_3
28.758951,0.25060156,chain_3
17.551641,0.4951566,chain_3
20.823355,0.2704716,chain_3
19.142523,0.24992919,chain_3
16.794802,0.34712583,chain_3
28.167631,0.37272346,chain_3
25.871965,0.30377313,chain_3
28.850248,0.2639799,chain_3
29.365793,0.23835102,chain_3
18.406248,0.32132304,chain_3
28.387175,0.3171575,chain_3
28.431906,0.24520636,chain_3
18.566034,0.31433952,chain_3
23.374903,0.239993,chain_3
18.623716,0.26719844,chain_3
20.419855,0.31244937,chain_3
25.604769,0.36633232,chain_3
17.826834,0.24141325,chain_3
29.381975,0.14316872,chain_3
30.69636,0.23498325,chain_3
22.148932,0.39753473,chain_3
25.76335,0.49589905,chain_3
28.47273,0.27302456,chain_3
22.57765,0.37599716,chain_3
21.05725,0.43406275,chain_3
24.149443,0.43124568,chain_3
26.147402,0.3103387,chain_3
28.09215,0.20253232,chain_3
29.438524,0.34912392,chain_3
25.877329,0.25650197,chain_3
23.328737,0.308811,chain_3
17.422026,0.23230979,chain_3
18.13738,0.25919437,chain_3
20.867308,0.44446078,chain_3
23.644758,0.25359157,chain_3
26.456774,0.2810387,chain_3
23.259573,0.2895187,chain_3
25.709784,0.4244755,chain_3
25.537432,0.34884632,chain_3
23.248083,0.27487743,chain_3
24.865011,0.2896394,chain_3
30.06161,0.21996516,chain_3
26.334494,0.24810721,chain_3
28.283773,0.54515284,chain_3
17.42209,0.4220142,chain_3
19.339876,0.3649859,chain_3
17.911982,0.3930172,chain_3
19.418364,0.28871205,chain_3
18.153845,0.26661694,chain_3
29.22545,0.20148198,chain_3
17.970598,0.3662593,chain_3
23.346258,0.33196035,chain_3
20.385939,0.18781853,chain_3
26.54708,0.26886207,chain_3
27.112787,0.19081865,chain_3
30.752508,0.48652777,chain_3
30.370916,0.5242757,chain_3
30.232523,0.19899963,chain_3
30.593515,0.3588163,chain_3
29.874407,0.27829257,chain_3
29.863451,0.25129735,chain_3
20.566893,0.34739158,chain_3
25.085085,0.36496451,chain_3
20.438246,0.34711257,chain_3
27.017656,0.3563712,chain_3
27.279451,0.48182136,chain_3
25.287977,0.39502934,chain_3
30.224463,0.30704272,chain_3
30.45032,0.26344967,chain_3
20.54846,0.2464369,chain_3
17.386473,0.34369636,chain_3
24.533487,0.18534029,chain_3
30.340097,0.31509846,chain_3
19.89744,0.44722405,chain_3
26.846663,0.45220634,chain_3
25.311193,0.17138833,chain_3
19.449602,0.30731672,chain_3
21.89836,0.38442284,chain_3
19.431559,0.26797536,chain_3
17.388594,0.21690619,chain_3
25.68617,0.212767,chain_3
30.281408,0.4595735,chain_3
20.78417,0.24217851,chain_3
26.095129,0.27427962,chain_3
17.83819,0.60270137,chain_3
26.077673,0.32063168,chain_3
20.43971,0.29224488,chain_3
24.642332,0.18829355,chain_3
26.883997,0.1940413,chain_3
28.01275,0.40705118,chain_3
29.853506,0.3727013,chain_3
21.105566,0.31209785,chain_3
19.930529,0.23456529,chain_3
28.780481,0.3405448,chain_3
18.58132,0.401679,chain_3
20.385576,0.37215006,chain_3
18.953318,0.29954156,chain_3
27.9966,0.41755494,chain_3
19.953722,0.24084549,chain_3
25.320436,0.30391455,chain_3
24.882364,0.43906194,chain_3
20.048456,0.17531763,chain_3
26.952707,0.19708645,chain_3
25.132154,0.20207168,chain_3
28.652052,0.33161095,chain_3
25.662188,0.29463348,chain_3
22.421984,0.311245,chain_3
23.51776,0.21475437,chain_3
30.775011,0.2404932,chain_3
24.057833,0.30164707,chain_3
27.780958,0.31024534,chain_3
26.47151,0.31104168,chain_3
17.474058,0.2539214,chain_3
29.454885,0.2619369,chain_3
17.311094,0.4943554,chain_3
24.426035,0.25837085,chain_3
24.382833,0.3234237,chain_3
19.587725,0.32737973,chain_3
20.993975,0.29165584,chain_3
22.381884,0.33320963,chain_3
28.138365,0.24317783,chain_3
22.606241,0.3063895,chain_3
26.734549,0.24694657,chain_3
29.72711,0.45873296,chain_3
22.067148,0.36149347,chain_3
17.134932,0.4325598,chain_3
17.934416,0.38227123,chain_3
29.279615,0.22955851,chain_3
26.997892,0.3717773,chain_3
21.826342,0.2874355,chain_3
27.42642,0.282186,chain_3
16.86268,0.3180215,chain_3
24.353037,0.2681334,chain_3
18.027475,0.49415395,chain_3
29.312258,0.21918051,chain_3
21.931307,0.31017452,chain_3
20.106459,0.23922127,chain_3
26.3035,0.30418238,chain_3
24.621996,0.24718148,chain_3
22.412577,0.45015562,chain_3
26.326895,0.28448498,chain_3
29.599688,0.30465767,chain_3
22.867273,0.45183426,chain_3
28.294874,0.35016373,chain_3
22.186785,0.2510006,chain_3
29.240915,0.16921417,chain_3
18.560461,0.29448473,chain_3
25.853266,0.31711543,chain_3
24.396036,0.28639144,chain_3
26.031881,0.41169724,chain_3
21.911737,0.44228712,chain_3
30.296392,0.2300422,chain_3
30.215334,0.20499554,chain_3
17.059263,0.41994527,chain_3
29.7623,0.21149483,chain_3
30.488668,0.2038995,chain_3
29.628923,0.23137525,chain_3
26.414007,0.4051249,chain_3
29.234488,0.5311109,chain_3
17.497164,0.26032114,chain_3
24.392305,0.2606492,chain_3
28.793585,0.22873814,chain_3
22.074835,0.37587333,chain_3
29.786345,0.41403374,chain_3
22.697302,0.23761046,chain_3
27.210768,0.26475307,chain_3
23.950712,0.42210898,chain_3
28.746305,0.30257675,chain_3
19.091234,0.20339763,chain_3
22.155867,0.24992773,chain_3
20.656675,0.20620483,chain_3
22.65946,0.4273599,chain_3
25.790823,0.28416985,chain_3
25.828524,0.3586088,chain_3
19.122103,0.3372497,chain_3
30.329798,0.20088638,chain_3
27.746347,0.3140528,chain_3
28.177114,0.40821326,chain_3
20.02904,0.18265715,chain_3
26.203287,0.34010318,chain_3
28.87523,0.3236869,chain_3
27.377996,0.3264344,chain_3
25.56265,0.25039133,chain_3
21.781916,0.44093776,chain_3
21.375315,0.28024086,chain_3
17.044344,0.34392038,chain_3
25.012236,0.2023077,chain_3
21.774088,0.32280102,chain_3
19.18368,0.41423285,chain_3
20.073652,0.33151984,chain_3
21.451723,0.24264656,chain_3
16.722486,0.21398577,chain_3
25.913767,0.36706007,chain_3
